ID,Main,Location,Corporation,Salary,Href,Date
0,Web Developer,Bratislava,"Zoznam, s.r.o.", 2 000 EUR/mesiac,pracovna-ponuka/98484/web-developer,2023-03-21
1,"IT tester/-ka s nemeckým jazykom - TPP, REMOTE (Ref. č.: 1-16-39791)",Nitra,Grafton Slovakia s.r.o., 1 600 EUR/mesiac,pracovna-ponuka/1118107/it-tester-ka-s-nemeckym-jazykom-tpp-remote-ref-c-1-16-39791-,2023-03-21
2,Montér/Servisný technik klimatizácií a tepelných čerpadiel,Bratislavský kraj,PROPLUSCO spol.s r.o., 1 700 EUR/mesiac,pracovna-ponuka/1330379/monter-servisny-technik-klimatizacii-a-tepelnych-cerpadiel,2023-03-21
3,Compliance Engineer (Ref. č.: 131-15-42008),Bratislava,Grafton Slovakia s.r.o., 2 000 EUR/mesiac,pracovna-ponuka/1330241/compliance-engineer-ref-c-131-15-42008-,2023-03-21
4,Cybersecurity Engineer (Ref. č.: 131-15-42007),Košice,Grafton Slovakia s.r.o., 2 700 EUR/mesiac,pracovna-ponuka/1330239/cybersecurity-engineer-ref-c-131-15-42007-,2023-03-21
5,Senior C++ Software Developer (Ref. č.: 131-16-42006),Košice,Grafton Slovakia s.r.o., 2 800 EUR/mesiac,pracovna-ponuka/1330237/senior-c-software-developer-ref-c-131-16-42006-,2023-03-21
6,Test Developer (Ref. č.: 131-15-42001),Bratislava,Grafton Slovakia s.r.o., 2 400 EUR/mesiac,pracovna-ponuka/1330235/test-developer-ref-c-131-15-42001-,2023-03-21
7,Projektový manažér,Bratislava,Pôdohospodárska platobná agentúra, 1 299 EUR/mesiac,pracovna-ponuka/1330243/projektovy-manazer,2023-03-21
8,Programátor CNC strojov,"Okres Komárno, Komárno, Kolárovo",KolArms s.r.o., 1 200 EUR/mesiac,pracovna-ponuka/1319712/programator-cnc-strojov,2023-03-21
9,"Obchodný dispečer/práca vhodná pre študentov, absolventov s technickým zameraním/",Bratislava,PROPLUSCO spol.s r.o., 1 700 EUR/mesiac,pracovna-ponuka/1330139/obchodny-dispecer-praca-vhodna-pre-studentov-absolventov-s-technickym-zameranim-,2023-03-21
10,Senior segmentový analytik (m/ž),"Slovenská republika, Bratislavský kraj, Bratislava",Slovak Telekom, 2 500 EUR/mesiac,pracovna-ponuka/1329463/senior-segmentovy-analytik-m-z-,2023-03-21
11,Senior analytik,Bratislava,Sociálna poisťovňa, 2 500 EUR/mesiac,pracovna-ponuka/1329387/senior-analytik,2023-03-21
12,SAP key user (Ref. č.: 131-10-41951),Skalica,Grafton Slovakia s.r.o., 1 350 EUR/mesiac,pracovna-ponuka/1330021/sap-key-user-ref-c-131-10-41951-,2023-03-21
13,Vývojár 2D/3D CAD systémov (Ref. č.: 131-16-41957),Bratislava,Grafton Slovakia s.r.o., 2 000 EUR/mesiac,pracovna-ponuka/1330019/vyvojar-2d-3d-cad-systemov-ref-c-131-16-41957-,2023-03-21
14,Node.JS Developer (Ref. č.: 1-16-40912),Bratislava,Grafton Slovakia s.r.o., 2 000 EUR/mesiac,pracovna-ponuka/1298125/node-js-developer-ref-c-1-16-40912-,2023-03-21
15,React  Developer (Ref. č.: 1-16-40908),Bratislava,Grafton Slovakia s.r.o., 2 000 EUR/mesiac,pracovna-ponuka/1297955/react-developer-ref-c-1-16-40908-,2023-03-21
16,App IT Tester|REMOTE|aj ABSOLVENTI (Ref. č.: 1-16-41605),Bratislava,Grafton Slovakia s.r.o., 1 200 EUR/mesiac,pracovna-ponuka/1319340/app-it-testerremoteaj-absolventi-ref-c-1-16-41605-,2023-03-21
17,Senior IT Analytik (Ref. č.: 1-15-41604),Bratislava,Grafton Slovakia s.r.o., 2 500 EUR/mesiac,pracovna-ponuka/1319338/senior-it-analytik-ref-c-1-15-41604-,2023-03-21
18,IT Architect (Ref. č.: 1-16-41598),Bratislava,Grafton Slovakia s.r.o., 3 000 EUR/mesiac,pracovna-ponuka/1319332/it-architect-ref-c-1-16-41598-,2023-03-21
19,SLA Manager (Ref. č.: 1-15-41602),Bratislava,Grafton Slovakia s.r.o., 2 500 EUR/mesiac,pracovna-ponuka/1319330/sla-manager-ref-c-1-15-41602-,2023-03-21
20,IT projektový manažér (Ref. č.: 1-15-41603),Bratislava,Grafton Slovakia s.r.o., 2 500 EUR/mesiac,pracovna-ponuka/1319328/it-projektovy-manazer-ref-c-1-15-41603-,2023-03-21
21,IT Analytik - Team Leader (Ref. č.: 1-15-41609),Bratislava,Grafton Slovakia s.r.o., 2 500 EUR/mesiac,pracovna-ponuka/1319326/it-analytik-team-leader-ref-c-1-15-41609-,2023-03-21
22,IAM administrátor - TPP & REMOTE (Ref. č.: 1-16-41336),Nitra,Grafton Slovakia s.r.o., 1 600 EUR/mesiac,pracovna-ponuka/1310347/iam-administrator-tpp-remote-ref-c-1-16-41336-,2023-03-21
23,Production Hardware Engineer (Ref. č.: 1-12-41341),Skalica,Grafton Slovakia s.r.o., 1 500 EUR/mesiac,pracovna-ponuka/1310343/production-hardware-engineer-ref-c-1-12-41341-,2023-03-21
24,SAP programátor/vývojár (Ref. č.: 6-16-41355),Ilava,Grafton Slovakia s.r.o., 2 400 EUR/mesiac,pracovna-ponuka/1310283/sap-programator-vyvojar-ref-c-6-16-41355-,2023-03-21
25,"Data Engineer - TPP/freelance, možnosť REMOTE (Ref. č.: 1-16-39546)",Košice,Grafton Slovakia s.r.o., 1 800 EUR/mesiac,pracovna-ponuka/1297557/data-engineer-tpp-freelance-moznost-remote-ref-c-1-16-39546-,2023-03-21
26,Senior Network Security Engineer (Ref. č.: 131-15-41773),Bratislava,Grafton Slovakia s.r.o., 3 000 EUR/mesiac,pracovna-ponuka/1324841/senior-network-security-engineer-ref-c-131-15-41773-,2023-03-21
27,Network Security Engineer - Check Point (Ref. č.: 131-15-41772),Bratislava,Grafton Slovakia s.r.o., 2 500 EUR/mesiac,pracovna-ponuka/1324839/network-security-engineer-check-point-ref-c-131-15-41772-,2023-03-21
28,IT Project Manager - financne sector (Ref. č.: 1-15-39900),Bratislava,Grafton Slovakia s.r.o., 2 500 EUR/mesiac,pracovna-ponuka/1149207/it-project-manager-financne-sector-ref-c-1-15-39900-,2023-03-21
29,"Network Security Consultant – Check Point, F5 - TPP/freelance (Ref. č.: 1-15-40955)",Bratislava,Grafton Slovakia s.r.o., 2 500 EUR/mesiac,pracovna-ponuka/1297291/network-security-consultant-check-point-f5-tpp-freelance-ref-c-1-15-40955-,2023-03-21
30,"Network Security Consultant – Cisco, TPP/freelance (Ref. č.: 1-15-40956)",Bratislava,Grafton Slovakia s.r.o., 2 500 EUR/mesiac,pracovna-ponuka/1297289/network-security-consultant-cisco-tpp-freelance-ref-c-1-15-40956-,2023-03-21
31,Java SW Developer (Ref. č.: 1-16-38107),Bratislava,Grafton Slovakia s.r.o., 2 000 EUR/mesiac,pracovna-ponuka/1297185/java-sw-developer-ref-c-1-16-38107-,2023-03-21
32,Cyber Security Expert (m/ž),Slovenská republika,Slovak Telekom, 3 200 EUR/mesiac,pracovna-ponuka/1323545/cyber-security-expert-m-z-,2023-03-21
33,Aplikačný programátor,"Okres Senica, Senica",Ivan Kozák K&H, 760 EUR/mesiac,pracovna-ponuka/1310563/aplikacny-programator,2023-03-21
34,Oracle Cloud Developer,Bratislava,IBM, 2 200 EUR/mesiac,pracovna-ponuka/1078969/oracle-cloud-developer,2023-03-21
35,Dynamics 365 Developer for unique projects ,Bratislava,IBM, 2 300 EUR/mesiac,pracovna-ponuka/995313/dynamics-365-developer-for-unique-projects,2023-03-21
36,Junior IT Špecialista,Bratislava,IBM, 1 350 EUR/mesiac,pracovna-ponuka/970785/junior-it-specialista,2023-03-21
37,IT Trainee,Bratislava,IBM, 1 400 EUR/mesiac,pracovna-ponuka/1002615/it-trainee,2023-03-21
38,Experienced Siebel/ CRM Consultant,Bratislava,IBM, 2 500 EUR/mesiac,pracovna-ponuka/997873/experienced-siebel-crm-consultant,2023-03-21
39,Azure Developer to Microsoft team,"Bratislavský kraj, Banskobystrický kraj, Košický kraj, Bratislava",IBM, 2 200 EUR/mesiac,pracovna-ponuka/997719/azure-developer-to-microsoft-team,2023-03-21
40,SAP ABAP/Fiori/UI5 Developer,"Bratislavský kraj, Košický kraj, Bratislava",IBM, 2 500 EUR/mesiac,pracovna-ponuka/983795/sap-abap-fiori-ui5-developer,2023-03-21
41,Salesforce Digital Marketer,"Bratislavský kraj, Košický kraj, Bratislava",IBM, 1 900 EUR/mesiac,pracovna-ponuka/973869/salesforce-digital-marketer,2023-03-21
42,SAP Consultant,"Bratislavský kraj, Banskobystrický kraj, Košický kraj, Bratislava",IBM, 2 500 EUR/mesiac,pracovna-ponuka/938514/sap-consultant,2023-03-21
43,SAP konzultant (Ref. č.: 2-15-41776),Prešov,Grafton Slovakia s.r.o., 2 500 EUR/mesiac,pracovna-ponuka/1323689/sap-konzultant-ref-c-2-15-41776-,2023-03-21
44,IT Testing Coordinator (Ref. č.: 1-16-41342),Bratislava,Grafton Slovakia s.r.o., 1 800 EUR/mesiac,pracovna-ponuka/1310049/it-testing-coordinator-ref-c-1-16-41342-,2023-03-21
45,Microsoft Azure Data Engineer,"Bratislavský kraj, Banskobystrický kraj, Košický kraj, Bratislava, Banská Bystrica, Košice",IBM, 2 200 EUR/mesiac,pracovna-ponuka/997717/microsoft-azure-data-engineer,2023-03-21
46,PLC Programátor,"Okres Piešťany, Piešťany, Vrbové",AVES Automatizácia s.r.o., 1 200 EUR/mesiac,pracovna-ponuka/1330355/plc-programator,2023-03-21
47,DevOps Manager/Engineer (Ref. č.: 1-16-41305),Bratislava,Grafton Slovakia s.r.o., 3 500 EUR/mesiac,pracovna-ponuka/1309947/devops-manager-engineer-ref-c-1-16-41305-,2023-03-21
48,Servisný technik M/Ž; (Ref. č. 5/2023),Bratislava,"TIPOS, národná lotériová spoločnosť, a. s.", 1 700 EUR/mesiac,pracovna-ponuka/1303709/servisny-technik-m-z-ref-c-5-2023-,2023-03-21
49,IT administrátor (Ref. č.: 12-15-41992),Zvolen,Grafton Slovakia s.r.o., 1 700 EUR/mesiac,pracovna-ponuka/1329393/it-administrator-ref-c-12-15-41992-,2023-03-21
50,Špecialista technickej podpory (Ref. č.: 1-1-41991),Bratislava,Grafton Slovakia s.r.o., 1 400 EUR/mesiac,pracovna-ponuka/1329391/specialista-technickej-podpory-ref-c-1-1-41991-,2023-03-21
51,Business Analyst (Ref. č.: 1-16-40415),Košice,Grafton Slovakia s.r.o., 1 300 EUR/mesiac,pracovna-ponuka/1140565/business-analyst-ref-c-1-16-40415-,2023-03-21
52,"Tech Expert in C# - TPP, REMOTE (Ref. č.: 1-16-39901)",Košice,Grafton Slovakia s.r.o., 3 000 EUR/mesiac,pracovna-ponuka/1123811/tech-expert-in-c-tpp-remote-ref-c-1-16-39901-,2023-03-21
53,Junior platform Solution engineer - vhodné pre absolventov! (Ref. č.: 1-16-40319),Bratislava,Grafton Slovakia s.r.o., 1 800 EUR/mesiac,pracovna-ponuka/1140537/junior-platform-solution-engineer-vhodne-pre-absolventov-ref-c-1-16-40319-,2023-03-21
54,"Software Architect - TPP, REMOTE (Ref. č.: 1-16-39902)",Košice,Grafton Slovakia s.r.o., 3 300 EUR/mesiac,pracovna-ponuka/1123633/software-architect-tpp-remote-ref-c-1-16-39902-,2023-03-21
55,Process expert (SCM and logistics),Nitra,LEDVANCE s.r.o., 1 800 EUR/mesiac,pracovna-ponuka/1329313/process-expert-scm-and-logistics-,2023-03-21
56,IT konzultant,"Okres Nitra, Nitra",Tata Consultancy Services Limited - organizačná zložka, 2 675 EUR/mesiac,pracovna-ponuka/1330279/it-konzultant,2023-03-21
57,Infrastructure Project Manager|REMOTE (Ref. č.: 131-15-41789),Nitra,Grafton Slovakia s.r.o., 1 900 EUR/mesiac,pracovna-ponuka/1329259/infrastructure-project-managerremote-ref-c-131-15-41789-,2023-03-21
58,Cloud services Senior Engineer (m/f),Slovenská republika,Slovak Telekom, 2 400 EUR/mesiac,pracovna-ponuka/1308195/cloud-services-senior-engineer-m-f-,2023-03-21
59,Test Automation Specialist,Bratislava,IBM, 2 500 EUR/mesiac,pracovna-ponuka/1164165/test-automation-specialist,2023-03-21
60,DevOps Manager/Engineer (Ref. č.: 1-12-41305),Bratislava,Grafton Slovakia s.r.o., 3 500 EUR/mesiac,pracovna-ponuka/1309331/devops-manager-engineer-ref-c-1-12-41305-,2023-03-21
61,C++/Python Developer so záujmom o meteorológiu (Ref. č.: 1-16-40126),Bratislava,Grafton Slovakia s.r.o., 2 200 EUR/mesiac,pracovna-ponuka/1129823/c-python-developer-so-zaujmom-o-meteorologiu-ref-c-1-16-40126-,2023-03-21
62,Web developer (Javascript & Typescript) - junior/medior (Ref. č.: 1-16-40130),Bratislava,Grafton Slovakia s.r.o., 2 200 EUR/mesiac,pracovna-ponuka/1129773/web-developer-javascript-typescript-junior-medior-ref-c-1-16-40130-,2023-03-21
63,SW Developer (.NET) (Ref. č.: 1-16-40140),Bratislava,Grafton Slovakia s.r.o., 2 400 EUR/mesiac,pracovna-ponuka/1129713/sw-developer-net-ref-c-1-16-40140-,2023-03-21
64,DevOps engineer (Ref. č.: 1-16-39808),Košice,Grafton Slovakia s.r.o., 2 700 EUR/mesiac,pracovna-ponuka/1120343/devops-engineer-ref-c-1-16-39808-,2023-03-21
65,QA Automation Engineer (Ref. č.: 1-16-39103),Košice,Grafton Slovakia s.r.o., 2 200 EUR/mesiac,pracovna-ponuka/1096715/qa-automation-engineer-ref-c-1-16-39103-,2023-03-21
66,C#/.NET Programátor (aj živnosť/s.r.o.+ remote) (Ref. č.: 1-16-36102),Bratislava,Grafton Slovakia s.r.o., 2 300 EUR/mesiac,pracovna-ponuka/1078463/c-net-programator-aj-zivnost-s-r-o-remote-ref-c-1-16-36102-,2023-03-21
67,Project Manager Junior - Home Office/Office,Bratislava,msg life Slovakia s.r.o., 2 200 EUR/mesiac,pracovna-ponuka/1320104/project-manager-junior-home-office-office,2023-03-21
68,Java developer - Home Office/Office,Bratislava,msg life Slovakia s.r.o., 2 700 EUR/mesiac,pracovna-ponuka/1320100/java-developer-home-office-office,2023-03-21
69,Integračný architekt - Home Office/Office,Slovenská republika,msg life Slovakia s.r.o., 2 500 EUR/mesiac,pracovna-ponuka/1273295/integracny-architekt-home-office-office,2023-03-21
70,DevOps inžinier - Home Office/Office,"Práca z domu, Bratislava, Košice, Žilina",msg life Slovakia s.r.o., 2 200 EUR/mesiacVhné,pracovna-ponuka/1132531/devops-inzinier-home-office-office,2023-03-21
71,Java programátor junior - Home Office/Office,"Práca z domu, Bratislava, Košice, Žilina",msg life Slovakia s.r.o., 1 900 EUR/mesiacVhné,pracovna-ponuka/1132445/java-programator-junior-home-office-office,2023-03-21
72,Java programátor expert - Home Office/Office,"Práca z domu, Bratislava, Košice, Žilina",msg life Slovakia s.r.o., 3 000 EUR/mesiacVhné,pracovna-ponuka/1132415/java-programator-expert-home-office-office,2023-03-21
73,IT Security Manager (Ref. č.: 1-16-41564),Bratislava,Grafton Slovakia s.r.o., 3 000 EUR/mesiac,pracovna-ponuka/1317760/it-security-manager-ref-c-1-16-41564-,2023-03-21
74,IT Tester (Ref. č.: 1-15-40556),Bratislava,Grafton Slovakia s.r.o., 1 300 EUR/mesiac,pracovna-ponuka/1147577/it-tester-ref-c-1-15-40556-,2023-03-21
75,Data analyst (banking sector) (Ref. č.: 1-15-41392),Bratislava,Grafton Slovakia s.r.o., 2 200 EUR/mesiac,pracovna-ponuka/1314236/data-analyst-banking-sector-ref-c-1-15-41392-,2023-03-21
76,Salesforce Consultant,Bratislava,IBM, 1 900 EUR/mesiac,pracovna-ponuka/1079227/salesforce-consultant,2023-03-21
77,Java software developer,"Nitriansky kraj, Okres Nitra, Nitra","Muehlbauer Technologies, s.r.o.", 1 800 EUR/mesiac,pracovna-ponuka/1328545/java-software-developer,2023-03-21
78,C# SW Developer,"Nitriansky kraj, Okres Nitra, Nitra","Muehlbauer Technologies, s.r.o.", 2 000 EUR/mesiac,pracovna-ponuka/1328539/c-sw-developer,2023-03-21
79,C++ Developer ( medior/senior),"Nitriansky kraj, Okres Nitra, Nitra","Muehlbauer Technologies, s.r.o.", 2 000 EUR/mesiac,pracovna-ponuka/1301897/c-developer-medior-senior-,2023-03-21
80,Python developer (m/ž),"Slovenská republika, Bratislavský kraj, Bratislava",Slovak Telekom, 2 000 EUR/mesiac,pracovna-ponuka/1321657/python-developer-m-z-,2023-03-21
81,Application Administrator (Ref. č.: 1-16-41096),Košice,Grafton Slovakia s.r.o., 1 300 EUR/mesiac,pracovna-ponuka/1302641/application-administrator-ref-c-1-16-41096-,2023-03-21
82,Experienced Data Engineer (for a unique project),Bratislava,IBM, 3 500 EUR/mesiac,pracovna-ponuka/1012235/experienced-data-engineer-for-a-unique-project-,2023-03-21
83,Senior Salesforce Developer,"Bratislavský kraj, Banskobystrický kraj, Košický kraj, Bratislava",IBM, 2 800 EUR/mesiac,pracovna-ponuka/938515/senior-salesforce-developer,2023-03-21
84,IT konzultant,"Okres Nitra, Nitra",Tata Consultancy Services Limited - organizačná zložka, 2 675 EUR/mesiac,pracovna-ponuka/1319410/it-konzultant,2023-03-21
85,"Senior systémový & aplikačný administrator(Windows/Linux)- TPP, REMOTE (Ref. č.: 1-16-39789)",Nitra,Grafton Slovakia s.r.o., 2 000 EUR/mesiac,pracovna-ponuka/1138505/senior-systemovy-aplikacny-administrator-windows-linux-tpp-remote-ref-c-1-16-39789-,2023-03-21
86,Senior BE .NET/C# Developer s presahom na FE (Ref. č.: 1-16-39366),Košice,Grafton Slovakia s.r.o., 2 500 EUR/mesiac,pracovna-ponuka/1095091/senior-be-net-c-developer-s-presahom-na-fe-ref-c-1-16-39366-,2023-03-21
87,Analytik IT - CIPS,Bratislava,Sociálna poisťovňa, 1 800 EUR/mesiac,pracovna-ponuka/1310179/analytik-it-cips,2023-03-21
88,Analytik IT - SDS,Bratislava,Sociálna poisťovňa, 1 800 EUR/mesiac,pracovna-ponuka/1310145/analytik-it-sds,2023-03-21
89,Programátor COBOL,Bratislava,Sociálna poisťovňa, 2 000 EUR/mesiac,pracovna-ponuka/1301871/programator-cobol,2023-03-21
90,Senior technik telekomunikačných služieb a sietí (m/ž),"Slovenská republika, Košický kraj",Slovak Telekom, 1 200 EUR/mesiac,pracovna-ponuka/1326919/senior-technik-telekomunikacnych-sluzieb-a-sieti-m-z-,2023-03-21
91,Server Administrator (Azure) (Ref. č.: 131-16-41829),Bratislava,Grafton Slovakia s.r.o., 3 000 EUR/mesiac,pracovna-ponuka/1328043/server-administrator-azure-ref-c-131-16-41829-,2023-03-21
92,MEST IT Junior (Ref. č.: 1-15-41554),Skalica,Grafton Slovakia s.r.o., 1 600 EUR/mesiac,pracovna-ponuka/1317084/mest-it-junior-ref-c-1-15-41554-,2023-03-21
93,QlikView Developer (Ref. č.: 1-16-41546),Košice,Grafton Slovakia s.r.o., 2 000 EUR/mesiac,pracovna-ponuka/1317082/qlikview-developer-ref-c-1-16-41546-,2023-03-21
94,Fullstack developer (m/ž),"Slovenská republika, Bratislavský kraj, Bratislava",Slovak Telekom, 2 800 EUR/mesiac,pracovna-ponuka/1307115/fullstack-developer-m-z-,2023-03-21
95,DEVOPS ENGINEER  - PL/SQL developer (m/ž),"Slovenská republika, Bratislavský kraj, Bratislava",Slovak Telekom, 2 000 EUR/mesiac,pracovna-ponuka/1307113/devops-engineer-pl-sql-developer-m-z-,2023-03-21
96,Databázový špecialista - migrácie (TPP/ živnosť a s možnosťou práce full remote) (Ref. č.: 1-16-41361),Bratislava,Grafton Slovakia s.r.o., 2 100 EUR/mesiac,pracovna-ponuka/1316924/databazovy-specialista-migracie-tpp-zivnost-a-s-moznostou-prace-full-remote-ref-c-1-16-41361-,2023-03-21
97,Java developer - TPP/živnosť & REMOTE (Ref. č.: 1-16-41374),Bratislava,Grafton Slovakia s.r.o., 1 900 EUR/mesiac,pracovna-ponuka/1311803/java-developer-tpp-zivnost-remote-ref-c-1-16-41374-,2023-03-21
98,JAVA Developer  (m/f),"Slovenská republika, Bratislavský kraj, Bratislava",Slovak Telekom, 2 500 EUR/mesiac,pracovna-ponuka/1306807/java-developer-m-f-,2023-03-21
99,Java Developer pre Digital IT (m/ž),"Slovenská republika, Bratislavský kraj, Bratislava",Slovak Telekom, 2 000 EUR/mesiac,pracovna-ponuka/1119087/java-developer-pre-digital-it-m-z-,2023-03-21
100,Biznis Analytik,Košice,Holcim European Business Services s.r.o., 1 300 EUR/mesiac,pracovna-ponuka/1324283/biznis-analytik,2023-03-21
101,Senior programátor,Bratislava,ARBITAS s.r.o., 700 EUR/mesiac,pracovna-ponuka/1319254/senior-programator,2023-03-21
102,Databázový analytik,Bratislava,Voxwise s.r.o., 750 EUR/mesiac,pracovna-ponuka/1315400/databazovy-analytik,2023-03-21
103,Programátor CNC strojov,Námestovo,MECASYS s. r. o., 2 400 EUR/mesiac,pracovna-ponuka/1132167/programator-cnc-strojov,2023-03-21
104,Java Developer (banking sector) (Ref. č.: 1-16-39481),Bratislava,Grafton Slovakia s.r.o., 2 000 EUR/mesiac,pracovna-ponuka/1301653/java-developer-banking-sector-ref-c-1-16-39481-,2023-03-21
105,Cloud Developer,Bratislava,IBM, 2 300 EUR/mesiac,pracovna-ponuka/1311787/cloud-developer,2023-03-21
106,DevSecOps Engineer,Bratislava,IBM, 2 800 EUR/mesiac,pracovna-ponuka/1311737/devsecops-engineer,2023-03-21
107,Application Architect,Bratislava,IBM, 3 800 EUR/mesiac,pracovna-ponuka/1311721/application-architect,2023-03-21
108,Start your career with Adobe!,Bratislava,IBM, 1 600 EUR/mesiac,pracovna-ponuka/1320340/start-your-career-with-adobe,2023-03-21
109,Adobe Consultant,Bratislava,IBM, 1 900 EUR/mesiac,pracovna-ponuka/1320338/adobe-consultant,2023-03-21
110,Adobe Developer,Bratislava,IBM, 1 900 EUR/mesiac,pracovna-ponuka/1320336/adobe-developer,2023-03-21
111,Adobe Senior Consultant,Bratislava,IBM, 2 800 EUR/mesiac,pracovna-ponuka/1320334/adobe-senior-consultant,2023-03-21
112,Java Developer,Bratislava,IBM, 2 300 EUR/mesiac,pracovna-ponuka/1311349/java-developer,2023-03-21
113,Obchodný konzultant pre výpočtovú a informačnú techniku,Košice,"Nové technológie a služby, s.r.o.", 1 700 EUR/mesiac,pracovna-ponuka/983929/obchodny-konzultant-pre-vypoctovu-a-informacnu-techniku,2023-03-21
114,IT konzultant - Obchodný manažér - Key Account Manager,Košice,"Nové technológie a služby, s.r.o.", 1 500 EUR/mesiac,pracovna-ponuka/173488/it-konzultant-obchodny-manazer-key-account-manager,2023-03-21
115,Systemový inžinier - IT servisný technik,Košice,"Nové technológie a služby, s.r.o.", 1 700 EUR/mesiac,pracovna-ponuka/173487/systemovy-inzinier-it-servisny-technik,2023-03-21
116,Spracovateľ študijných podkladov pre VŠ práce,"Práca z domu, Košický kraj, Bratislava, Trnava, Banská Bystrica, Košice, Prešov, Žilina, Nitra, Trenčín",Ellmer s.r.o.,0 EUR/h,pracovna-ponuka/1137553/spracovatel-studijnych-podkladov-pre-vs-prace,2023-03-21
117,DevOps Engineer,Bratislava,Deutsche Telekom Cloud Services s.r.o., 3 000 EUR/mesiac,pracovna-ponuka/1329935/devops-engineer,2023-03-21
118,Data Analyst (Ref. č.: 1-16-39980),Bratislava,Grafton Slovakia s.r.o., 1 900 EUR/mesiac,pracovna-ponuka/1290759/data-analyst-ref-c-1-16-39980-,2023-03-21
119,SAP Key user (Ref. č.: 1-16-40848),Senica,Grafton Slovakia s.r.o., 1 800 EUR/mesiac,pracovna-ponuka/1290721/sap-key-user-ref-c-1-16-40848-,2023-03-21
120,"Security application administrator with Cyberark - TPP, REMOTE (Ref. č.: 1-16-39788)",Prešov,Grafton Slovakia s.r.o., 1 800 EUR/mesiac,pracovna-ponuka/1118463/security-application-administrator-with-cyberark-tpp-remote-ref-c-1-16-39788-,2023-03-21
121,Aplikačný administrátor/inžinier (Ref. č.: 1-16-41058),Bratislava,Grafton Slovakia s.r.o., 2 200 EUR/mesiac,pracovna-ponuka/1301177/aplikacny-administrator-inzinier-ref-c-1-16-41058-,2023-03-21
122,Java Programátor (Ref. č.: 1-16-40120),Košice,Grafton Slovakia s.r.o., 2 500 EUR/mesiac,pracovna-ponuka/1297241/java-programator-ref-c-1-16-40120-,2023-03-21
123,Automation Developer (Ref. č.: 1-16-41154),Bratislava,Grafton Slovakia s.r.o., 1 700 EUR/mesiac,pracovna-ponuka/1306819/automation-developer-ref-c-1-16-41154-,2023-03-21
124,IT Administrátor|BA (Ref. č.: 1-16-41639),Bratislava,Grafton Slovakia s.r.o., 1 800 EUR/mesiac,pracovna-ponuka/1321227/it-administratorba-ref-c-1-16-41639-,2023-03-21
125,"AWS Administrator - TPP, REMOTE (Ref. č.: 1-16-41172)",Nitra,Grafton Slovakia s.r.o., 2 500 EUR/mesiac,pracovna-ponuka/1306713/aws-administrator-tpp-remote-ref-c-1-16-41172-,2023-03-21
126,IT System Administrator (Ref. č.: 1-15-41698),Bratislava,Grafton Slovakia s.r.o., 1 200 EUR/mesiac,pracovna-ponuka/1321007/it-system-administrator-ref-c-1-15-41698-,2023-03-21
127,IT test konzultant s nemeckým jazykom (Ref. č.: 1-16-41366),Bratislava,Grafton Slovakia s.r.o., 1 400 EUR/mesiac,pracovna-ponuka/1311869/it-test-konzultant-s-nemeckym-jazykom-ref-c-1-16-41366-,2023-03-21
128,Java Expert- TPP/živnosť & REMOTE (Ref. č.: 1-16-41375),Bratislava,Grafton Slovakia s.r.o., 3 000 EUR/mesiac,pracovna-ponuka/1311867/java-expert-tpp-zivnost-remote-ref-c-1-16-41375-,2023-03-21
129,DevOps Engineer - TPP/živnosť & REMOTE (Ref. č.: 1-15-41360),Bratislava,Grafton Slovakia s.r.o., 2 200 EUR/mesiac,pracovna-ponuka/1311801/devops-engineer-tpp-zivnost-remote-ref-c-1-15-41360-,2023-03-21
130,Frontend programátor (React & Vue.js) (Ref. č.: 1-16-41393),Bratislava,Grafton Slovakia s.r.o., 2 500 EUR/mesiac,pracovna-ponuka/1311783/frontend-programator-react-vue-js-ref-c-1-16-41393-,2023-03-21
131,PHP Programátor - FULL REMOTE (Ref. č.: 1-16-41627),Košice,Grafton Slovakia s.r.o., 2 700 EUR/mesiac,pracovna-ponuka/1320632/php-programator-full-remote-ref-c-1-16-41627-,2023-03-21
132,.NET Programátor - FULL REMOTE (Ref. č.: 1-16-41629),Košice,Grafton Slovakia s.r.o., 2 800 EUR/mesiac,pracovna-ponuka/1320628/-net-programator-full-remote-ref-c-1-16-41629-,2023-03-21
133,Systémový programátor,Košice,DATAMONT s.r.o., 900 EUR/mesiac,pracovna-ponuka/1315340/systemovy-programator,2023-03-21
134,Samostatný výskumný a vývojový pracovník,"Okres Senica, Senica",Vojenský technický a skúšobný ústav Záhorie,,pracovna-ponuka/1123991/samostatny-vyskumny-a-vyvojovy-pracovnik,2023-03-21
135,"Automatizovaný tester  (TPP, REMOTE) (Ref. č.: 1-16-37782)",Košice,Grafton Slovakia s.r.o., 1 800 EUR/mesiac,pracovna-ponuka/1071367/automatizovany-tester-tpp-remote-ref-c-1-16-37782-,2023-03-21
136,Test developer (Python) (Ref. č.: 1-16-40129),Bratislava,Grafton Slovakia s.r.o., 2 000 EUR/mesiac,pracovna-ponuka/1134355/test-developer-python-ref-c-1-16-40129-,2023-03-21
137,Špecialista sieťovej bezpečnosti (Ref. č.: 131-16-41820),Bratislava,Grafton Slovakia s.r.o., 1 800 EUR/mesiacPonuka onedlho končí,pracovna-ponuka/1325835/specialista-sietovej-bezpecnosti-ref-c-131-16-41820-,2023-03-21
138,Špecialista na správu cloudových riešení (Ref. č.: 1-15-41220),Bratislava,Grafton Slovakia s.r.o., 2 000 EUR/mesiac,pracovna-ponuka/1307475/specialista-na-spravu-cloudovych-rieseni-ref-c-1-15-41220-,2023-03-21
139,Vývojár  mobilných aplikácií (Android & iOS) - TPP/freelance &  remote (Ref. č.: 1-16-40651),Bratislava,Grafton Slovakia s.r.o., 2 300 EUR/mesiac,pracovna-ponuka/1150591/vyvojar-mobilnych-aplikacii-android-ios-tpp-freelance-remote-ref-c-1-16-40651-,2023-03-21
140,Učiteľ/ka - informatiky,"Okres Hlohovec, Hlohovec, Leopoldov","Základná škola, Nám. sv. Ignáca 31, Leopoldov", 1 037 EUR/mesiac,pracovna-ponuka/1324811/ucitel-ka-informatiky,2023-03-21
141,Junior softvérový inžinier,Košice,Infobip s. r. o., 1 700 EUR/mesiac,pracovna-ponuka/1123887/junior-softverovy-inzinier,2023-03-21
142,"Softvérový architekt, dizajnér",Bratislava,MAXIMA - SLOVAKIA s. r. o., 840 EUR/mesiac,pracovna-ponuka/1315132/softverovy-architekt-dizajner,2023-03-21
143,Odborný/á referent/ka - GIS analytik/čka,Bratislava,Mestská časť Bratislava - Petržalka, 1 200 EUR/mesiac,pracovna-ponuka/1329721/odborny-a-referent-ka-gis-analytik-cka,2023-03-21
144,Biznis Analytik,Košice,Holcim European Business Services s.r.o., 1 300 EUR/mesiac,pracovna-ponuka/1324279/biznis-analytik,2023-03-21
145,Špecialista - Programátor WinCC - Wonderware,"Okres Zvolen, Zvolen","MANUFACTURING + MOUNTING, s.r.o.", 1 350 EUR/mesiac,pracovna-ponuka/1309851/specialista-programator-wincc-wonderware,2023-03-21
146,PHP programátor/ka,Bratislava,Mestská časť Bratislava - Petržalka, 1 600 EUR/mesiac,pracovna-ponuka/1329645/php-programator-ka,2023-03-21
147,Programátor,"Okres Žilina, Žilina","OMICRON TECHNOLOGIES, s. r. o.", 2 000 EUR/mesiac,pracovna-ponuka/1324203/programator,2023-03-21
148,Dátový analytik – strategický nákup (m/ž),"Okres Trenčín, Trenčín","LEONI Wiring Systems Slovakia, spol. s r. o.", 1 200 EUR/mesiac,pracovna-ponuka/1329573/datovy-analytik-strategicky-nakup-m-z-,2023-03-21
149,Špecialista - Programátor SCADA,"Okres Zvolen, Zvolen","MANUFACTURING + MOUNTING, s.r.o.", 1 350 EUR/mesiac,pracovna-ponuka/1309591/specialista-programator-scada,2023-03-21
150,Špecialista - Programátor EPLAN,"Okres Zvolen, Zvolen","MANUFACTURING + MOUNTING, s.r.o.", 1 350 EUR/mesiac,pracovna-ponuka/1309571/specialista-programator-eplan,2023-03-21
151,Commissioning engineer,Bratislava,i4Industry s.r.o., 2 000 EUR/mesiac,pracovna-ponuka/1318384/commissioning-engineer,2023-03-21
152,"Špecialista - Programátor Step 7 - Siemens, RS-Rockwell automation","Okres Zvolen, Zvolen","MANUFACTURING + MOUNTING, s.r.o.", 1 350 EUR/mesiac,pracovna-ponuka/1309469/specialista-programator-step-7-siemens-rs-rockwell-automation,2023-03-21
153,Špecialista - Programátor WinCC - Flexible,"Okres Zvolen, Zvolen","MANUFACTURING + MOUNTING, s.r.o.", 1 350 EUR/mesiac,pracovna-ponuka/1309467/specialista-programator-wincc-flexible,2023-03-21
154,Sr Database Administrator,Bratislava,"Fiserv Slovakia, s.r.o.", 3 700 EUR/mesiac,pracovna-ponuka/1318212/sr-database-administrator,2023-03-21
155,Systémový programátor,Bratislava,MUSELET s.r.o., 720 EUR/mesiac,pracovna-ponuka/1309231/systemovy-programator,2023-03-21
156,Engineering Lead,Bratislava,"Kiwi.com s.r.o., organizačná zložka v SR", 5 000 EUR/mesiac,pracovna-ponuka/1296605/engineering-lead,2023-03-21
157,Java Developer (Graduate program / Absolventský program),Bratislava,"Fiserv Slovakia, s.r.o.", 2 080 EUR/mesiac,pracovna-ponuka/1329101/java-developer-graduate-program-absolventsky-program-,2023-03-21
158,Medior .NET Developer,Bratislava,ECoding Slovakia s. r. o., 2 500 EUR/mesiac,pracovna-ponuka/1323953/medior-net-developer,2023-03-21
159,Lead Software Engineer,Košice,GlobalLogic Slovakia s.r.o., 3 500 EUR/mesiac,pracovna-ponuka/1306851/lead-software-engineer,2023-03-21
160,Junior Software Engineer - DevOps,Košice,GlobalLogic Slovakia s.r.o., 1 800 EUR/mesiac,pracovna-ponuka/1306847/junior-software-engineer-devops,2023-03-21
161,Špecialista - Programátor WinCC - Wonderware,"Okres Zvolen, Zvolen","MANUFACTURING + MOUNTING, s.r.o.", 1 350 EUR/mesiac,pracovna-ponuka/1317738/specialista-programator-wincc-wonderware,2023-03-21
162,ERP application support Analyst,Bratislava,Softspeed Information Technology s.r.o., 1 600 EUR/mesiac,pracovna-ponuka/1317890/erp-application-support-analyst,2023-03-21
163,"IT architekt, projektant","Okres Pezinok, Pezinok, Svätý Jur","OZZYLOGIK, s.r.o.", 1 300 EUR/mesiac,pracovna-ponuka/1314424/it-architekt-projektant,2023-03-21
164,Učiteľ matematiky a informatiky,"Okres Žiar nad Hronom, Žiar nad Hronom","Základná škola s materskou školou, Horná Ždaňa 107",,pracovna-ponuka/1138983/ucitel-matematiky-a-informatiky,2023-03-21
165,Senior/Lead Software Engineer,Bratislava,EPAM Systems s.r.o., 4 400 EUR/mesiac,pracovna-ponuka/1323297/senior-lead-software-engineer,2023-03-21
166,"Softvérový architekt, dizajnér",Bratislava,Fintech Bnd Slovakia s. r. o., 840 EUR/mesiac,pracovna-ponuka/1314140/softverovy-architekt-dizajner,2023-03-21
167,Full-stack Software Engineer,Bratislava,codeblox s. r. o., 1 500 EUR/mesiac,pracovna-ponuka/1323179/full-stack-software-engineer,2023-03-21
168,Analytik IKT,"Okres Nitra, Nitra",Tata Consultancy Services Limited - organizačná zložka, 2 500 EUR/mesiac,pracovna-ponuka/1323133/analytik-ikt,2023-03-21
169,Associate Software Engineer (Java),Košice,GlobalLogic Slovakia s.r.o., 1 300 EUR/mesiac,pracovna-ponuka/1328683/associate-software-engineer-java-,2023-03-21
170,Software Development Manager,Bratislava,Oracle Slovensko spol. s r.o., 3 500 EUR/mesiac,pracovna-ponuka/1294709/software-development-manager,2023-03-21
171,Senior Data Architect,Bratislava,HighChem s.r.o., 3 000 EUR/mesiac,pracovna-ponuka/1146239/senior-data-architect,2023-03-21
172,Principal Software Engineer,Bratislava,Oracle Slovensko spol. s r.o., 3 500 EUR/mesiac,pracovna-ponuka/1294303/principal-software-engineer,2023-03-21
173,Java backend senior developer ( softvérový architekt),Bratislava,TechRD solutions s.r.o., 1 087 EUR/mesiac,pracovna-ponuka/1327817/java-backend-senior-developer-softverovy-architekt-,2023-03-21
174,Senior React Developer,Bratislava,"Boataround.com, a.s.", 3 300 EUR/mesiac,pracovna-ponuka/1327747/senior-react-developer,2023-03-21
175,Lead Project Administrator,Bratislava,EPAM Systems s.r.o., 2 800 EUR/mesiac,pracovna-ponuka/1322371/lead-project-administrator,2023-03-21
176,Test Engineer,Banská Bystrica,GlobalLogic Slovakia s.r.o., 2 000 EUR/mesiac,pracovna-ponuka/1322259/test-engineer,2023-03-21
177,Analytik IKT,"Okres Nitra, Nitra",Tata Consultancy Services Limited - organizačná zložka, 2 675 EUR/mesiac,pracovna-ponuka/1322193/analytik-ikt,2023-03-21
178,Lead BI Analyst,Bratislava,EPAM Systems s.r.o., 3 930 EUR/mesiac,pracovna-ponuka/1322051/lead-bi-analyst,2023-03-21
179,Software Test Automation Engineer,Bratislava,EPAM Systems s.r.o., 2 600 EUR/mesiac,pracovna-ponuka/1322043/software-test-automation-engineer,2023-03-21
180,IT- Systémový programátor,Bratislava,"Súkromná základná škola EISB, Radničné námestie 4, Bratislava", 2 500 EUR/mesiac,pracovna-ponuka/1312805/it-systemovy-programator,2023-03-21
181,IT Konzultant,"Okres Nitra, Nitra","UNIQA Group Service Center Slovakia, spol. s r.o.", 1 700 EUR/mesiac,pracovna-ponuka/1315778/it-konzultant,2023-03-21
182,IT špecialista,"Okres Nitra, Nitra",Ubique Systems SK s.r.o., 2 200 EUR/mesiac,pracovna-ponuka/1312697/it-specialista,2023-03-21
183,Data analyst/Modeller,Bratislava,Assisto Consulting SK s. r. o., 3 000 EUR/mesiac,pracovna-ponuka/1327501/data-analyst-modeller,2023-03-21
184,IT / ERP konzultant,"Okres Ilava, Dubnica nad Váhom, Ilava",Team - SOFT s.r.o., 1 100 EUR/mesiac,pracovna-ponuka/1327485/it-erp-konzultant,2023-03-21
185,.NET Programátor,"Okres Ilava, Dubnica nad Váhom, Ilava",Team - SOFT s.r.o., 1 150 EUR/mesiac,pracovna-ponuka/1327483/-net-programator,2023-03-21
186,Analytik IKT,"Okres Nitra, Nitra",Tata Consultancy Services Limited - organizačná zložka, 2 500 EUR/mesiac,pracovna-ponuka/1327481/analytik-ikt,2023-03-21
187,Senior/Lead Software Engineer,Bratislava,EPAM Systems s.r.o., 3 600 EUR/mesiac,pracovna-ponuka/1321737/senior-lead-software-engineer,2023-03-21
188,Analytik IKT,"Okres Nitra, Nitra",Tata Consultancy Services Limited - organizačná zložka, 2 675 EUR/mesiac,pracovna-ponuka/1321659/analytik-ikt,2023-03-21
189,Full stack developer ,Bratislava,TechRD solutions s.r.o., 1 087 EUR/mesiac,pracovna-ponuka/1292491/full-stack-developer,2023-03-21
190,Developer (Aplikačný programátor),Bratislava,"brainit.sk, s. r. o.", 1 650 EUR/mesiac,pracovna-ponuka/1144559/developer-aplikacny-programator-,2023-03-21
191,Aplikačný programátor - developer,"Okres Žilina, Žilina","brainit.sk, s. r. o.", 1 650 EUR/mesiac,pracovna-ponuka/1144337/aplikacny-programator-developer,2023-03-21
192,Omnichannel marketing automation technical consultant,Bratislava,Assisto Consulting SK s. r. o., 3 000 EUR/mesiac,pracovna-ponuka/1326807/omnichannel-marketing-automation-technical-consultant,2023-03-21
193,Software Test Engineer,Bratislava,HighChem s.r.o., 2 400 EUR/mesiac,pracovna-ponuka/1312265/software-test-engineer,2023-03-21
194,Učiteľ/ka informatiky,"Okres Senica, Senica","Základná škola, Sekule 119", 1 161 EUR/mesiac,pracovna-ponuka/1326667/ucitel-ka-informatiky,2023-03-21
195,Python backend programátor,Bratislava,Institute of Language Technology and Education, 3 000 EUR/mesiac,pracovna-ponuka/1312201/python-backend-programator,2023-03-21
196,Software Engineer,Bratislava,HighChem s.r.o., 2 500 EUR/mesiac,pracovna-ponuka/1312163/software-engineer,2023-03-21
197,Programátor,Bratislava,"SLOVAKODATA, a.s.", 1 500 EUR/mesiac,pracovna-ponuka/1309361/programator,2023-03-21
198,Programátor CNC strojov,Trnava,"ELPOTECH, spol. s r.o.", 994 EUR/mesiac,pracovna-ponuka/1133143/programator-cnc-strojov,2023-03-21
199,Elektronik PLC ,"Okres Nitra, Nitra",HSH spoločnosť s ručením obmedzeným, 1 310 EUR/mesiac,pracovna-ponuka/1321257/elektronik-plc,2023-03-21
200,Programátor CNC strojov,Kysucké Nové Mesto,LITONIT s. r. o., 765 EUR/mesiac,pracovna-ponuka/1321079/programator-cnc-strojov,2023-03-21
201,Programátor CNC strojov - Operátor,"Okres Stará Ľubovňa, Stará Ľubovňa","AM-KOV, s.r.o.", 1 000 EUR/mesiac,pracovna-ponuka/1320875/programator-cnc-strojov-operator,2023-03-21
202,Software Engineer,Bratislava,Bloomreach SK s.r.o., 2 300 EUR/mesiac,pracovna-ponuka/1320642/software-engineer,2023-03-21
203,Programátor C++,Bratislava,"MicroStep, spol. s r.o.", 2 000 EUR/mesiac,pracovna-ponuka/1306397/programator-c-,2023-03-21
204,PLC programátor,Bratislava,TG Automation s.r.o., 1 100 EUR/mesiac,pracovna-ponuka/1300807/plc-programator,2023-03-21
205,IT konzultant,"Okres Nitra, Nitra",Tata Consultancy Services Limited - organizačná zložka, 3 350 EUR/mesiac,pracovna-ponuka/1320510/it-konzultant,2023-03-21
206,Učiteľ/ -ka s aprobáciou: fyzika - matematika - telesná výchova- informatika,"Okres Komárno, Komárno","Základná škola, Školská ul. č. 757/10, 946 14 Zemianska Olča",,pracovna-ponuka/1293513/ucitel-ka-s-aprobaciou-fyzika-matematika-telesna-vychova-informatika,2023-03-21
207,Senior Application Developer,Bratislava,Oracle Slovensko spol. s r.o., 2 000 EUR/mesiac,pracovna-ponuka/1299031/senior-application-developer,2023-03-21
208,IT consultant with sales for Korean Company,"Okres Žilina, Žilina",C.W s.r.o., 1 100 EUR/mesiac,pracovna-ponuka/1326093/it-consultant-with-sales-for-korean-company,2023-03-21
209,Senior Software Testing Engineer,Bratislava,EPAM Systems s.r.o., 3 200 EUR/mesiac,pracovna-ponuka/1325847/senior-software-testing-engineer,2023-03-21
