ID,Main,Location,Corporation,Href,Date
0,Diákmunka - Analízis mérnök gyak...,Budapest,Műisz Iskolaszövetkezet,https://itpeople.hu/allasok/budapest/diakmunka-analizis-mernok-gyakornok/5508000,2023-04-04
1,Diákmunka - Junior Test Engineer...,Budapest,Műisz Iskolaszövetkezet,https://itpeople.hu/allasok/budapest-xi-kerulet/diakmunka-junior-test-engineer-trainee-362216/5507000,2023-04-04
2,Törzskönyvező dokumentátor orosz...,Budapest,PBS International Kft.,https://itpeople.hu/allasok/budapest/torzskonyvezo-dokumentator-orosz-nyelvtudassal-palyakezdojuniormediorsenior7 oras-reszmunkaidos-akar-100-home-office/5506000,2023-04-04
3,Pénzügyi vezető ,Budapest,PBS International Kft.,https://itpeople.hu/allasok/budapest/penzugyi-vezeto-kontrolling-fokusszal/5505000,2023-04-04
4,Háziorvos,Békés megye,PBS International Kft.,https://itpeople.hu/allasok/bekes-megye/haziorvos/5504000,2023-04-04
5,Junior IT Business Analyst and D...,Budapest,Randstad Hungary Kft,https://itpeople.hu/allasok/budapest/junior-it-business-analyst-and-devops-engineer/5503000,2023-04-04
6,System Installation Specialist ,Budapest,Randstad Hungary Kft,https://itpeople.hu/allasok/budapest/system-installation-specialist-german-speaking/5502000,2023-04-04
7,O365 Privacy/Compliance Engineer,Budapest,Randstad Hungary Kft,https://itpeople.hu/allasok/budapest/o365-privacycompliance-engineer/5501000,2023-04-04
8,Security Architect,Budapest,Randstad Hungary Kft,https://itpeople.hu/allasok/budapest/security-architect/5500000,2023-04-04
9,Software Engineer ,Budapest,Randstad Hungary Kft,https://itpeople.hu/allasok/budapest/software-engineer-java-fintech/5499000,2023-04-04
10,Python Developer for Engineering...,Budapest,Randstad Hungary Kft,https://itpeople.hu/allasok/budapest/python-developer-for-engineering-expert/5498000,2023-04-04
11,Frontend Software Engineer,Budapest,Randstad Hungary Kft,https://itpeople.hu/allasok/budapest/frontend-software-engineer/5497000,2023-04-04
12,German speaking System Implement...,Országos,Randstad Hungary Kft,https://itpeople.hu/allasok/orszagos/german-speaking-system-implementation-specialist-onsite/5496000,2023-04-04
13,IT specialist,Országos,Randstad Hungary Kft,https://itpeople.hu/allasok/orszagos/it-specialist/5495000,2023-04-04
14,Test Engineer,Budapest,Randstad Hungary Kft,https://itpeople.hu/allasok/budapest/test-engineer/5494000,2023-04-04
15,Értékesítési menedzser ,Országos,Randstad Hungary Kft,https://itpeople.hu/allasok/orszagos/ertekesitesi-menedzser-itcrm-terulet/5493000,2023-04-04
16,Termékmenedzser ,Budapest,Randstad Hungary Kft,https://itpeople.hu/allasok/budapest/termekmenedzser-berugyi-szoftver/5492000,2023-04-04
17,Function developer - transmission,Budapest,Randstad Hungary Kft,https://itpeople.hu/allasok/budapest/function-developer-transmission/5491000,2023-04-04
18,English Speaking IT helpdesk,Budapest,Randstad Hungary Kft,https://itpeople.hu/allasok/budapest/english-speaking-it-helpdesk/5490000,2023-04-04
19,Embedded Software Systems Test E...,Budapest,Randstad Hungary Kft,https://itpeople.hu/allasok/budapest/embedded-software-systems-test-engineer/5489000,2023-04-04
20,Törzsadat kezelési szakértő,Országos,Randstad Hungary Kft,https://itpeople.hu/allasok/orszagos/torzsadat-kezelesi-szakerto/5488000,2023-04-04
21,Junior IT Business Analyst and D...,Budapest,Randstad Hungary Kft,https://itpeople.hu/allasok/budapest/junior-it-business-analyst-and-devops-engineer/5503000,2023-04-04
22,Medical Innovation Manager,Budapest,starjobs,https://itpeople.hu/allasok/budapest/medical-innovation-manager/5454000,2023-04-04
23,Senior Technical Project Manager,Budapest,starjobs,https://itpeople.hu/allasok/budapest/senior-technical-project-manager/5455000,2023-04-04
24,Fejlesztőmérnök,Budapest,starjobs,https://itpeople.hu/allasok/budapest/fejlesztomernok/5456000,2023-04-04
25,Software Engineer – „IDAM-EHL-SE”,Budapest,starjobs,https://itpeople.hu/allasok/budapest/software-engineer-–-„idam-ehl-se”/5457000,2023-04-04
26,"Product Owner ""AV""",Budapest,starjobs,https://itpeople.hu/allasok/budapest/product-owner-av/5458000,2023-04-04
27,Tesztautomatizáló / szoftvertesz...,Budapest,starjobs,https://itpeople.hu/allasok/budapest/tesztautomatizaloszoftvertesztelo/5459000,2023-04-04
28,Beágyazott programozó,Budapest,starjobs,https://itpeople.hu/allasok/budapest/beagyazott-programozo/5460000,2023-04-04
29,Sr. Staff Software Architect,Budapest,starjobs,https://itpeople.hu/allasok/budapest/sr-staff-software-architect/5461000,2023-04-04
30,DevOps Fejlesztő,Budapest,starjobs,https://itpeople.hu/allasok/budapest/devops-fejleszto/5462000,2023-04-04
31,Python Developer,Budapest,starjobs,https://itpeople.hu/allasok/budapest/python-developer/5463000,2023-04-04
32,Network and Firewall Engineer,Budapest,starjobs,https://itpeople.hu/allasok/budapest/network-and-firewall-engineer/5464000,2023-04-04
33,"Software Engineer - ""EHL-AW""",Budapest,starjobs,https://itpeople.hu/allasok/budapest/software-engineer-ehl-aw/5465000,2023-04-04
34,Data Engineer - OPJ,Budapest,starjobs,https://itpeople.hu/allasok/budapest/data-engineer-opj/5466000,2023-04-04
35,Senior SW Developer: Full Stack ...,Budapest,starjobs,https://itpeople.hu/allasok/budapest/senior-sw-developer:-full-stack-engineer/5467000,2023-04-04
36,Systems Design Engineer,Budapest,starjobs,https://itpeople.hu/allasok/budapest/systems-design-engineer/5468000,2023-04-04
37,IT - Systems Engineer,Budapest,starjobs,https://itpeople.hu/allasok/budapest/it-systems-engineer/5469000,2023-04-04
38,Senior Data Scientist,Budapest,starjobs,https://itpeople.hu/allasok/budapest/senior-data-scientist/5470000,2023-04-04
39,Cloud Software Engineer,Budapest,starjobs,https://itpeople.hu/allasok/budapest/cloud-software-engineer/5471000,2023-04-04
40,Inserat Allgemein,Budapest,starjobs,https://itpeople.hu/allasok/budapest/inserat-allgemein/5472000,2023-04-04
41,Inserat Allgemein II,Budapest,starjobs,https://itpeople.hu/allasok/budapest/inserat-allgemein-ii/5473000,2023-04-04
42,Application Manager,Heves megye,starjobs,https://itpeople.hu/allasok/gyongyos/application-manager/5474000,2023-04-04
43,Incident Manager,Budapest,starjobs,https://itpeople.hu/allasok/budapest/incident-manager/5475000,2023-04-04
44,Java alkalmazásszerver üzemeltető,Budapest,starjobs,https://itpeople.hu/allasok/budapest/java-alkalmazasszerver-uzemelteto/5476000,2023-04-04
45,Angular Developer,Budapest,starjobs,https://itpeople.hu/allasok/budapest/angular-developer/5477000,2023-04-04
46,Inserat Allgemein III,Budapest,starjobs,https://itpeople.hu/allasok/budapest/inserat-allgemein-iii/5478000,2023-04-04
47,Senior Business Analyst,Budapest,starjobs,https://itpeople.hu/allasok/budapest/senior-business-analyst/5479000,2023-04-04
48,Senior Angular ,Budapest,starjobs,https://itpeople.hu/allasok/budapest/senior-angular-frontend-developer/5480000,2023-04-04
49,Senior Angular ,Budapest,starjobs,https://itpeople.hu/allasok/budapest/senior-angular-backend-developer/5481000,2023-04-04
50,Senior DevOps,Budapest,starjobs,https://itpeople.hu/allasok/budapest/senior-devops/5482000,2023-04-04
51,Technical Lead ,Budapest,starjobs,https://itpeople.hu/allasok/budapest/technical-lead-lead-developerqa/5483000,2023-04-04
52,Solution Architect,Budapest,starjobs,https://itpeople.hu/allasok/budapest/solution-architect/5484000,2023-04-04
53,Senior Test Automation Engineer,Budapest,starjobs,https://itpeople.hu/allasok/budapest/senior-test-automation-engineer/5485000,2023-04-04
54,Senior IT értékesítő,Budapest,starjobs,https://itpeople.hu/allasok/budapest/senior-it-ertekesito/5486000,2023-04-04
55,Java EE fejlesztő ,Budapest,ulyssys.hu,https://itpeople.hu/allasok/budapest/java-ee-fejleszto-standard/5453000,2023-04-04
56,Infrastructure Engineer,Budapest,jobsgarden.hu,https://itpeople.hu/allasok/budapest/infrastructure-engineer/5452000,2023-04-04
57,ORACLE FUSION ANALYST,Budapest,Fox HR Consulting Ltd. ,https://itpeople.hu/allasok/budapest/oracle-fusion-analyst/5451000,2023-04-04
58,SENIOR DATA ENGINEER,Budapest,Fox HR Consulting Ltd. ,https://itpeople.hu/allasok/budapest/senior-data-engineer/5450000,2023-04-04
59,CZECH AND SLOVAK SERVICE DESK,Budapest,Fox HR Consulting Ltd. ,https://itpeople.hu/allasok/budapest/czech-and-slovak-service-desk/5449000,2023-04-04
60,FRONTEND FEJLESZTŐ ,Budapest,Fox HR Consulting Ltd. ,https://itpeople.hu/allasok/budapest/frontend-fejleszto-angular/5448000,2023-04-04
61,FRENCH SPEAKING SERVICE DESK TEA...,Budapest,Fox HR Consulting Ltd. ,https://itpeople.hu/allasok/budapest/french-speaking-service-desk-team-leader/5447000,2023-04-04
62,IT ÜZLETI ELEMZŐ,Budapest,Fox HR Consulting Ltd. ,https://itpeople.hu/allasok/budapest/it-uzleti-elemzo/5446000,2023-04-04
63,MESTERSÉGES INTELLIGENCIA SZAKÉRTŐ,Budapest,Fox HR Consulting Ltd. ,https://itpeople.hu/allasok/budapest/mesterseges-intelligencia-szakerto/5445000,2023-04-04
64,FULL-STACK FEJLESZTŐ ,Budapest,Fox HR Consulting Ltd. ,https://itpeople.hu/allasok/budapest/full-stack-fejleszto-java-angular/5444000,2023-04-04
65,CLINICAL PROGRAMMER,Budapest,Fox HR Consulting Ltd. ,https://itpeople.hu/allasok/budapest/clinical-programmer/5443000,2023-04-04
66,DUTCH SERVICE DESK,Budapest,Fox HR Consulting Ltd. ,https://itpeople.hu/allasok/budapest/dutch-service-desk/5442000,2023-04-04
67,AUTOMATA TESZTELŐ,Budapest,Fox HR Consulting Ltd. ,https://itpeople.hu/allasok/budapest/automata-tesztelo/5441000,2023-04-04
68,SLOVENIAN SERVICE DESK,Budapest,Fox HR Consulting Ltd. ,https://itpeople.hu/allasok/budapest/slovenian-service-desk/5440000,2023-04-04
69,FULLSTACK FEJLESZTŐ ,Budapest,Fox HR Consulting Ltd. ,https://itpeople.hu/allasok/budapest/fullstack-fejleszto-/5439000,2023-04-04
70,STATISTICAL PROGRAMMER,Budapest,Fox HR Consulting Ltd. ,https://itpeople.hu/allasok/budapest/statistical-programmer/5438000,2023-04-04
71,SUBMISSION PUBLISHER,Budapest,Fox HR Consulting Ltd. ,https://itpeople.hu/allasok/budapest/submission-publisher/5437000,2023-04-04
72,MEDICAL REVIEWER,Budapest,Fox HR Consulting Ltd. ,https://itpeople.hu/allasok/budapest/medical-reviewer/5436000,2023-04-04
73,MEDIOR DEVOPS ENGINEER,Budapest,Fox HR Consulting Ltd. ,https://itpeople.hu/allasok/budapest/medior-devops-engineer/5435000,2023-04-04
74,CLINICAL DATA MANAGER,Budapest,Fox HR Consulting Ltd. ,https://itpeople.hu/allasok/budapest/clinical-data-manager/5434000,2023-04-04
75,MICROSTRATEGY ARHITECT,Budapest,Fox HR Consulting Ltd. ,https://itpeople.hu/allasok/budapest/microstrategy-arhitect/5433000,2023-04-04
76,SENIOR FUNCTIONAL ANALYST,Budapest,Fox HR Consulting Ltd. ,https://itpeople.hu/allasok/budapest/senior-functional-analyst/5432000,2023-04-04
77,C# UI UX DEVELOPER,Budapest,Fox HR Consulting Ltd. ,https://itpeople.hu/allasok/budapest/c-ui-ux-developer/5431000,2023-04-04
78,POLISH SERVICE DESK,Budapest,Fox HR Consulting Ltd. ,https://itpeople.hu/allasok/budapest/polish-service-desk/5430000,2023-04-04
79,TEST AUTOMATION ENGINEER WITH PY...,Budapest,Fox HR Consulting Ltd. ,https://itpeople.hu/allasok/budapest/test-automation-engineer-with-pytest/5429000,2023-04-04
80,Diákmunka - IT gyakornok Budapest,Budapest,Műisz Iskolaszövetkezet,https://itpeople.hu/allasok/budapest-xi-kerulet/diakmunka-it-gyakornok-budapest/5420000,2023-04-04
81,Diákmunka - NI CRIO ILLESZTŐ PRO...,Budapest,Műisz Iskolaszövetkezet,https://itpeople.hu/allasok/budapest/diakmunka-ni-crio-illeszto-program-fejleszto-gyakornok-/5421000,2023-04-04
82,Diákmunka -  TestFactory framewo...,Budapest,Műisz Iskolaszövetkezet,https://itpeople.hu/allasok/budapest-xi-kerulet/diakmunkatestfactory-framework-developer-intern/5422000,2023-04-04
83,Diákmunka - Junior web developer...,Budapest,Műisz Iskolaszövetkezet,https://itpeople.hu/allasok/budapest-xi-kerulet/diakmunka-junior-web-developer-trainee-on-sitehybrid/5423000,2023-04-04
84,Diákmunka - DevOps Engineer Trainee,Budapest,Műisz Iskolaszövetkezet,https://itpeople.hu/allasok/budapest-xi-kerulet/diakmunka-devops-engineer-trainee/5424000,2023-04-04
85,Tervezőmérnök,Pest megye,IJob,https://itpeople.hu/allasok/pest-megye/tervezomernok/5418000,2023-04-04
86,Java Backend fejlesztő,Országos,IJob,https://itpeople.hu/allasok/orszagos/java-backend-fejleszto/5417000,2023-04-04
87,Agilis rendszergazda,Pest megye,IJob,https://itpeople.hu/allasok/pest-megye/agilis-rendszergazda/5416000,2023-04-04
88,Java server/client Software Engi...,Budapest,Randstad Hungary Kft,https://itpeople.hu/allasok/budapest/java-serverclient-software-engineer/5376000,2023-04-04
89,DevOps Engineer IoT Cloud,Budapest,Randstad Hungary Kft,https://itpeople.hu/allasok/budapest/devops-engineer-iot-cloud/5377000,2023-04-04
90,Software Engineer ,Budapest,Randstad Hungary Kft,https://itpeople.hu/allasok/budapest/software-engineer-angularjsjava/5378000,2023-04-04
91,Cloud Data Engineer,Budapest,Randstad Hungary Kft,https://itpeople.hu/allasok/budapest/cloud-data-engineer/5379000,2023-04-04
92,Java_JavaScript Developer,Budapest,Randstad Hungary Kft,https://itpeople.hu/allasok/budapest/java_javascript-developer/5380000,2023-04-04
93,Enterprise architect,Budapest,Randstad Hungary Kft,https://itpeople.hu/allasok/budapest/enterprise-architect/5381000,2023-04-04
94,Software Engineering Lead,Budapest,Randstad Hungary Kft,https://itpeople.hu/allasok/budapest/software-engineering-lead/5382000,2023-04-04
95,Identity & Access Management ,Budapest,Randstad Hungary Kft,https://itpeople.hu/allasok/budapest/identityaccess-management-iam-analyst/5383000,2023-04-04
96,Advanced IT Audit Analyst,Országos,Randstad Hungary Kft,https://itpeople.hu/allasok/orszagos/advanced-it-audit-analyst/5384000,2023-04-04
97,Junior PHP Developer,Budapest,Randstad Hungary Kft,https://itpeople.hu/allasok/budapest/junior-php-developer/5385000,2023-04-04
98,Junior Golang Developer,Budapest,Randstad Hungary Kft,https://itpeople.hu/allasok/budapest/junior-golang-developer/5386000,2023-04-04
99,Medior Linux Rendszergazda,Budapest,Randstad Hungary Kft,https://itpeople.hu/allasok/budapest/medior-linux-rendszergazda/5387000,2023-04-04
100,Linux Fejlesztőmérnök,Budapest,Randstad Hungary Kft,https://itpeople.hu/allasok/budapest/linux-fejlesztomernok/5388000,2023-04-04
101,Back end developer,Budapest,Randstad Hungary Kft,https://itpeople.hu/allasok/budapest/back-end-developer/5389000,2023-04-04
102,Linux System Administrator,Budapest,Randstad Hungary Kft,https://itpeople.hu/allasok/budapest/linux-system-administrator/5390000,2023-04-04
103,Specialist IT PA Governance & St...,Budapest,Randstad Hungary Kft,https://itpeople.hu/allasok/budapest/specialist-it-pa-governancestrategy/5393000,2023-04-04
104,Application Support Specialist,Országos,Randstad Hungary Kft,https://itpeople.hu/allasok/orszagos/application-support-specialist/5394000,2023-04-04
105,Mobilfejlesztő,Budapest,Randstad Hungary Kft,https://itpeople.hu/allasok/budapest/mobilfejleszto/5395000,2023-04-04
106,IT Network Specialist ,Országos,Randstad Hungary Kft,https://itpeople.hu/allasok/orszagos/it-network-specialist-wan-lan-wlan/5396000,2023-04-04
107,C Software Engineer,Veszprém megye,Randstad Hungary Kft,https://itpeople.hu/allasok/veszprem/c-software-engineer/5398000,2023-04-04
108,SAP Master Data Application Cons...,Budapest,Randstad Hungary Kft,https://itpeople.hu/allasok/budapest/sap-master-data-application-consultant/5399000,2023-04-04
109,SAP BW/4HANA supporter,Budapest,Randstad Hungary Kft,https://itpeople.hu/allasok/budapest/sap-bw4hana-supporter/5401000,2023-04-04
110,Intermediate/Senior DevOps Engineer,Országos,Randstad Hungary Kft,https://itpeople.hu/allasok/orszagos/intermediatesenior-devops-engineer/5402000,2023-04-04
111,Intermediate DevOps Engineer,Budapest,Randstad Hungary Kft,https://itpeople.hu/allasok/budapest/intermediate-devops-engineer/5403000,2023-04-04
112,Application Support Engineer,Budapest,Randstad Hungary Kft,https://itpeople.hu/allasok/budapest/application-support-engineer/5404000,2023-04-04
113,IT Expert - Desktop and Applicat...,Országos,Randstad Hungary Kft,https://itpeople.hu/allasok/orszagos/it-expert-desktop-and-application-virtualization/5405000,2023-04-04
114,Full-stack developer ,Budapest,Randstad Hungary Kft,https://itpeople.hu/allasok/budapest/full-stack-developer-nodejs/5406000,2023-04-04
115,IT Business Analyst,Országos,Randstad Hungary Kft,https://itpeople.hu/allasok/orszagos/it-business-analyst/5407000,2023-04-04
116,IT Project manager,Országos,Randstad Hungary Kft,https://itpeople.hu/allasok/orszagos/it-project-manager/5408000,2023-04-04
117,Junior Accountant with Slavic la...,Budapest,Randstad Hungary Kft,https://itpeople.hu/allasok/budapest/junior-accountant-with-slavic-languages/5409000,2023-04-04
118,IT Engineer,Budapest,Randstad Hungary Kft,https://itpeople.hu/allasok/budapest/it-engineer/5410000,2023-04-04
119,Onsite IT Operations Specialist,Országos,Randstad Hungary Kft,https://itpeople.hu/allasok/orszagos/onsite-it-operations-specialist/5411000,2023-04-04
120,Alkalmazás támogató,Országos,Randstad Hungary Kft,https://itpeople.hu/allasok/orszagos/alkalmazas-tamogato/5412000,2023-04-04
121,Data Architect,Budapest,Randstad Hungary Kft,https://itpeople.hu/allasok/budapest/data-architect/5414000,2023-04-04
122,Python Software Engineer/Modelli...,Budapest,Randstad Hungary Kft,https://itpeople.hu/allasok/budapest/python-software-engineermodelling-expert/5415000,2023-04-04
123,SAP IBP Consultant,Országos,Randstad Hungary Kft,https://itpeople.hu/allasok/orszagos/sap-ibp-consultant/5290000,2023-04-04
124,Senior DevOps Engineer,Budapest,Randstad Hungary Kft,https://itpeople.hu/allasok/budapest/senior-devops-engineer/5291000,2023-04-04
125,SAP SD Consultant/Analyst,Országos,Randstad Hungary Kft,https://itpeople.hu/allasok/orszagos/sap-sd-consultantanalyst/5292000,2023-04-04
126,SAP SCM Consultant/Analyst,Országos,Randstad Hungary Kft,https://itpeople.hu/allasok/orszagos/sap-scm-consultantanalyst/5293000,2023-04-04
127,Data and AI Solution Architect,Budapest,Randstad Hungary Kft,https://itpeople.hu/allasok/budapest/data-and-ai-solution-architect/5294000,2023-04-04
128,Project Manager - Global Identit...,Országos,Randstad Hungary Kft,https://itpeople.hu/allasok/orszagos/project-manager-global-identityaccess-management-operations-support/5295000,2023-04-04
129,IT Product Owner,Budapest,Randstad Hungary Kft,https://itpeople.hu/allasok/budapest/it-product-owner/5296000,2023-04-04
130,Multilingual Service Desk Analyst,Budapest,Randstad Hungary Kft,https://itpeople.hu/allasok/budapest/multilingual-service-desk-analyst/5297000,2023-04-04
131,Intermediate Programmer Analyst,Országos,Randstad Hungary Kft,https://itpeople.hu/allasok/orszagos/intermediate-programmer-analyst/5298000,2023-04-04
132,Test Automation Engineer,Budapest,Randstad Hungary Kft,https://itpeople.hu/allasok/budapest/test-automation-engineer/5299000,2023-04-04
133,SAP Ariba Expert,Budapest,Randstad Hungary Kft,https://itpeople.hu/allasok/budapest/sap-ariba-expert/5300000,2023-04-04
134,Szoftvertesztelő mérnök - Beágya...,Budapest,Randstad Hungary Kft,https://itpeople.hu/allasok/budapest/szoftvertesztelo-mernok-beagyazott-rendszerek/5301000,2023-04-04
135,Junior C# Fejlesztő,Budapest,Randstad Hungary Kft,https://itpeople.hu/allasok/budapest/junior-c-fejleszto/5302000,2023-04-04
136,Fullstack fejlesztő ,Budapest,Randstad Hungary Kft,https://itpeople.hu/allasok/budapest/fullstack-fejleszto-angularnet/5303000,2023-04-04
137,DevOps Lead ,Országos,Randstad Hungary Kft,https://itpeople.hu/allasok/orszagos/devops-lead-debrecenbudapest/5304000,2023-04-04
138,Project Manager - Project Data S...,Országos,Randstad Hungary Kft,https://itpeople.hu/allasok/orszagos/project-manager-project-data-structureprocesses/5305000,2023-04-04
139,Sharepoint Specialist,Országos,Randstad Hungary Kft,https://itpeople.hu/allasok/orszagos/sharepoint-specialist/5306000,2023-04-04
140,Service Operations /Change Manag...,Országos,Randstad Hungary Kft,https://itpeople.hu/allasok/orszagos/service-operations-change-management-analyst/5307000,2023-04-04
141,Junior .NET developer,Budapest,Randstad Hungary Kft,https://itpeople.hu/allasok/budapest/junior-net-developer/5308000,2023-04-04
142,Junior manual QA engineer,Országos,Randstad Hungary Kft,https://itpeople.hu/allasok/orszagos/junior-manual-qa-engineer/5309000,2023-04-04
143,Medior/Senior Test Automation En...,Budapest,Randstad Hungary Kft,https://itpeople.hu/allasok/budapest/mediorsenior-test-automation-engineer/5310000,2023-04-04
144,Software Test Engineer,Budapest,Randstad Hungary Kft,https://itpeople.hu/allasok/budapest/software-test-engineer/5311000,2023-04-04
145,IT Architect ,Budapest,Randstad Hungary Kft,https://itpeople.hu/allasok/budapest/it-architect-net/5312000,2023-04-04
146,Software Test Engineer,Budapest,Randstad Hungary Kft,https://itpeople.hu/allasok/budapest/software-test-engineer/5313000,2023-04-04
147,Frontend Developer,Budapest,Randstad Hungary Kft,https://itpeople.hu/allasok/budapest/frontend-developer/5314000,2023-04-04
148,iOS Developer,Budapest,Randstad Hungary Kft,https://itpeople.hu/allasok/budapest/ios-developer/5315000,2023-04-04
149,Software Engineer,Országos,Randstad Hungary Kft,https://itpeople.hu/allasok/orszagos/software-engineer/5316000,2023-04-04
150,Hálózatépítő munkatárs,Országos,Randstad Hungary Kft,https://itpeople.hu/allasok/orszagos/halozatepito-munkatars/5317000,2023-04-04
151,functional safety engineer,Budapest,Randstad Hungary Kft,https://itpeople.hu/allasok/budapest/functional-safety-engineer/5318000,2023-04-04
152,Technical Business Analyst,Országos,Randstad Hungary Kft,https://itpeople.hu/allasok/orszagos/technical-business-analyst/5319000,2023-04-04
153,IT Product Owner,Budapest,Randstad Hungary Kft,https://itpeople.hu/allasok/budapest/it-product-owner/5320000,2023-04-04
154,Senior Business Application Supp...,Országos,Randstad Hungary Kft,https://itpeople.hu/allasok/orszagos/senior-business-application-support-analyst/5321000,2023-04-04
155,Cloud Python/GO Software Developer,Budapest,Randstad Hungary Kft,https://itpeople.hu/allasok/budapest/cloud-pythongo-software-developer/5322000,2023-04-04
156,Frontend Developer ,Budapest,Randstad Hungary Kft,https://itpeople.hu/allasok/budapest/frontend-developer-react/5323000,2023-04-04
157,Software Quality Engineer,Budapest,Randstad Hungary Kft,https://itpeople.hu/allasok/budapest/software-quality-engineer/5324000,2023-04-04
158,Technical IT Project Manager,Országos,Randstad Hungary Kft,https://itpeople.hu/allasok/orszagos/technical-it-project-manager/5325000,2023-04-04
159,C++ Developer,Országos,Randstad Hungary Kft,https://itpeople.hu/allasok/orszagos/c-developer/5326000,2023-04-04
160,Senior C++ developer,Országos,Randstad Hungary Kft,https://itpeople.hu/allasok/orszagos/senior-c-developer/5327000,2023-04-04
161,Senior Test Coordinator,Budapest,Randstad Hungary Kft,https://itpeople.hu/allasok/budapest/senior-test-coordinator/5328000,2023-04-04
162,Software Engineering Lead ,Országos,Randstad Hungary Kft,https://itpeople.hu/allasok/orszagos/software-engineering-lead-autonomous-driving-platform/5329000,2023-04-04
163,Data Scientist & AI Engineer,Budapest,Randstad Hungary Kft,https://itpeople.hu/allasok/budapest/data-scientistai-engineer/5330000,2023-04-04
164,Junior/Medior/Senior/Lead Szoftv...,Budapest,Randstad Hungary Kft,https://itpeople.hu/allasok/budapest/juniormediorseniorlead-szoftver-tesztautomatizalo-mernok/5331000,2023-04-04
165,Test Automation Engineer - C#,Országos,Randstad Hungary Kft,https://itpeople.hu/allasok/orszagos/test-automation-engineer-c/5332000,2023-04-04
166,Full Stack Developer,Budapest,Randstad Hungary Kft,https://itpeople.hu/allasok/budapest/full-stack-developer/5333000,2023-04-04
167,SAP FI/CO Consultant,Budapest,Randstad Hungary Kft,https://itpeople.hu/allasok/budapest/sap-fico-consultant/5334000,2023-04-04
168,Senior Software Developer,Budapest,Randstad Hungary Kft,https://itpeople.hu/allasok/budapest/senior-software-developer/5335000,2023-04-04
169,Senior Devops Engineer ,Országos,Randstad Hungary Kft,https://itpeople.hu/allasok/orszagos/senior-devops-engineer-debrecenbudapest/5336000,2023-04-04
170,Program Analytics,Országos,Randstad Hungary Kft,https://itpeople.hu/allasok/orszagos/program-analytics/5337000,2023-04-04
171,SAP PP supporter,Budapest,Randstad Hungary Kft,https://itpeople.hu/allasok/budapest/sap-pp-supporter/5338000,2023-04-04
172,Senior Software Architect,Országos,Randstad Hungary Kft,https://itpeople.hu/allasok/orszagos/senior-software-architect/5339000,2023-04-04
173,Business Analyst: Finance System...,Országos,Randstad Hungary Kft,https://itpeople.hu/allasok/orszagos/business-analyst:-finance-systems-support-analyst/5340000,2023-04-04
174,"Szoftver, firmware és hardware f...",Budapest,Randstad Hungary Kft,https://itpeople.hu/allasok/budapest/szoftver-firmware-es-hardware-fejleszto/5341000,2023-04-04
175,Senior Data Engineer,Budapest,Randstad Hungary Kft,https://itpeople.hu/allasok/budapest/senior-data-engineer/5342000,2023-04-04
176,License Management Analyst,Budapest,Randstad Hungary Kft,https://itpeople.hu/allasok/budapest/license-management-analyst/5344000,2023-04-04
177,szoftverfejlesztő mérnök,Országos,Randstad Hungary Kft,https://itpeople.hu/allasok/orszagos/szoftverfejleszto-mernok/5345000,2023-04-04
178,Data Transmits Engineer,Országos,Randstad Hungary Kft,https://itpeople.hu/allasok/orszagos/data-transmits-engineer/5346000,2023-04-04
179,SAP Project Coordinator,Budapest,Randstad Hungary Kft,https://itpeople.hu/allasok/budapest/sap-project-coordinator/5348000,2023-04-04
180,Server and Network Management te...,Budapest,Randstad Hungary Kft,https://itpeople.hu/allasok/budapest/server-and-network-management-team-leader/5349000,2023-04-04
181,Szerver és hálózat rendszeradmin...,Budapest,Randstad Hungary Kft,https://itpeople.hu/allasok/budapest/szerver-es-halozat-rendszeradminisztrator-server-and-network-administrator/5350000,2023-04-04
182,Embedded developer,Budapest,Randstad Hungary Kft,https://itpeople.hu/allasok/budapest/embedded-developer/5351000,2023-04-04
183,Rendszeradminisztrátor - IT infr...,Budapest,Randstad Hungary Kft,https://itpeople.hu/allasok/budapest/rendszeradminisztrator-it-infrastrukturasystem-administrator-it-infrastructure/5352000,2023-04-04
184,Java developer,Országos,Randstad Hungary Kft,https://itpeople.hu/allasok/orszagos/java-developer/5353000,2023-04-04
185,Project quality specialist,Országos,Randstad Hungary Kft,https://itpeople.hu/allasok/orszagos/project-quality-specialist/5354000,2023-04-04
186,Java Developer,Budapest,Randstad Hungary Kft,https://itpeople.hu/allasok/budapest/java-developer/5355000,2023-04-04
187,Cloud Engineer ,Budapest,Randstad Hungary Kft,https://itpeople.hu/allasok/budapest/cloud-engineer-azure/5356000,2023-04-04
188,Devops Engineer,Budapest,Randstad Hungary Kft,https://itpeople.hu/allasok/budapest/devops-engineer/5357000,2023-04-04
189,Java Developer,Budapest,Randstad Hungary Kft,https://itpeople.hu/allasok/budapest/java-developer/5358000,2023-04-04
190,Software engineer team lead,Budapest,Randstad Hungary Kft,https://itpeople.hu/allasok/budapest/software-engineer-team-lead/5359000,2023-04-04
191,Software Engineer,Budapest,Randstad Hungary Kft,https://itpeople.hu/allasok/budapest/software-engineer/5360000,2023-04-04
192,Senior Software Engineer,Budapest,Randstad Hungary Kft,https://itpeople.hu/allasok/budapest/senior-software-engineer/5361000,2023-04-04
193,Java Developer,Budapest,Randstad Hungary Kft,https://itpeople.hu/allasok/budapest/java-developer/5362000,2023-04-04
194,Backend Engineer ,Budapest,Randstad Hungary Kft,https://itpeople.hu/allasok/budapest/backend-engineer-scala-protect-team/5363000,2023-04-04
195,Software Engineer,Budapest,Randstad Hungary Kft,https://itpeople.hu/allasok/budapest/software-engineer/5364000,2023-04-04
196,Java Developer,Országos,Randstad Hungary Kft,https://itpeople.hu/allasok/orszagos/java-developer/5365000,2023-04-04
197,Lead Software Engineer ,Budapest,Randstad Hungary Kft,https://itpeople.hu/allasok/budapest/lead-software-engineer-java/5366000,2023-04-04
198,Lead Developer IoT Cloud,Budapest,Randstad Hungary Kft,https://itpeople.hu/allasok/budapest/lead-developer-iot-cloud/5367000,2023-04-04
199,Cplace Java Developer,Budapest,Randstad Hungary Kft,https://itpeople.hu/allasok/budapest/cplace-java-developer/5368000,2023-04-04
200,Java full-stack developer ,Országos,Randstad Hungary Kft,https://itpeople.hu/allasok/orszagos/java-full-stack-developer-with-devops/5369000,2023-04-04
201,Java/Angular Developer,Budapest,Randstad Hungary Kft,https://itpeople.hu/allasok/budapest/javaangular-developer/5370000,2023-04-04
202,DevOps Engineer in Platform Engi...,Budapest,Randstad Hungary Kft,https://itpeople.hu/allasok/budapest/devops-engineer-in-platform-engineering/5371000,2023-04-04
203,Java Software Engineer ,Budapest,Randstad Hungary Kft,https://itpeople.hu/allasok/budapest/java-software-engineer-in-platform-engineering/5372000,2023-04-04
204,DevOps Manager,Budapest,Randstad Hungary Kft,https://itpeople.hu/allasok/budapest/devops-manager/5373000,2023-04-04
205,Cloud Platform Engineer,Országos,Randstad Hungary Kft,https://itpeople.hu/allasok/orszagos/cloud-platform-engineer/5374000,2023-04-04
206,IoT Backend Developer,Budapest,Randstad Hungary Kft,https://itpeople.hu/allasok/budapest/iot-backend-developer/5375000,2023-04-04
207,Diákmunka - Junior rendszermérnök,Budapest,Műisz Iskolaszövetkezet,https://itpeople.hu/allasok/budapest-xiii-kerulet/diakmunka-junior-rendszermernok/5273000,2023-04-04
208,Senior SAP consultant,Országos,"HSA Kft, ",https://itpeople.hu/allasok/orszagos/senior-sap-consultant/5257000,2023-04-04
209,Angular Frontend Developer,Hajdú-Bihar megye,"HSA Kft, ",https://itpeople.hu/allasok/debrecen/angular-frontend-developer/5258000,2023-04-04
210,JAVASCRIPT OKTATÓ,Távmunka,Prooktatás Bt.,https://itpeople.hu/allasok/tavmunka/javascript-oktato/652000,2023-04-04
211,Diákmunka -  PowerBI Trainee,Budapest,Műisz Iskolaszövetkezet,https://itpeople.hu/allasok/budapest-xi-kerulet/diakmunkapowerbi-trainee/5254000,2023-04-04
212,Diákmunka - IT gyakornok,Budapest,Műisz Iskolaszövetkezet,https://itpeople.hu/allasok/budapest-x-kerulet/diakmunka-it-gyakornok/5255000,2023-04-04
213,Diákmunka - JUNIOR FULL-STACK FE...,Budapest,Műisz Iskolaszövetkezet,https://itpeople.hu/allasok/budapest-ix-kerulet/diakmunka-junior-full-stack-fejleszto/5256000,2023-04-04
214,Diákmunka - Szoftvertesztelő gya...,Budapest,Műisz Iskolaszövetkezet,https://itpeople.hu/allasok/budapest-xxiii-kerulet/diakmunka-szoftvertesztelo-gyakornok/5212000,2023-04-04
215,Diákmunka - Szerverüzemeltetési ...,Budapest,Műisz Iskolaszövetkezet,https://itpeople.hu/allasok/budapest-xi-kerulet/diakmunka-szerveruzemeltetesi-gyakornok/5213000,2023-04-04
216,Diákmunka - Linux gyakornok,Budapest,Műisz Iskolaszövetkezet,https://itpeople.hu/allasok/budapest-xiii-kerulet/diakmunka-linux-gyakornok/5214000,2023-04-04
217,Diákmunka - SERVICE DESK ANALYST...,Budapest,Műisz Iskolaszövetkezet,https://itpeople.hu/allasok/budapest/diakmunka-service-desk-analyst-german-speaking/5215000,2023-04-04
218,Diákmunka - C++ Developer Trainee,Budapest,Műisz Iskolaszövetkezet,https://itpeople.hu/allasok/budapest-iii-kerulet/diakmunka-c-developer-trainee/5216000,2023-04-04
219,Diákmunka - IT End User Support ...,Budapest,Műisz Iskolaszövetkezet,https://itpeople.hu/allasok/mateszalka/diakmunka-it-end-user-support-gyakornok-mateszalka/5217000,2023-04-04
220,Diákmunka - C++ programozó,Budapest,Műisz Iskolaszövetkezet,https://itpeople.hu/allasok/budapest-iii-kerulet/diakmunka-c-programozo/5218000,2023-04-04
221,Diákmunka - IT End User Support ...,Budapest,Műisz Iskolaszövetkezet,https://itpeople.hu/allasok/budapest-xiii-kerulet/diakmunka-it-end-user-support-gyakornok/5221000,2023-04-04
222,Diákmunka - Robotprogramozó gyak...,Budapest,Műisz Iskolaszövetkezet,https://itpeople.hu/allasok/budapest-xviii-kerulet/diakmunka-robotprogramozo-gyakornok/5222000,2023-04-04
223,Diákmunka - Quality Management T...,Budapest,Műisz Iskolaszövetkezet,https://itpeople.hu/allasok/budapest-xi-kerulet/diakmunka-quality-management-trainee/5223000,2023-04-04
224,Diákmunka - C# fejlesztő,Országos,Műisz Iskolaszövetkezet,https://itpeople.hu/allasok/orszagos/diakmunka-c-fejleszto/5224000,2023-04-04
225,Diákmunka - Szoftvertesztelő,Budapest,Műisz Iskolaszövetkezet,https://itpeople.hu/allasok/budapest-xii-kerulet/diakmunka-szoftvertesztelo/5225000,2023-04-04
226,Diákmunka - C# tesztelő – Vasúti...,Budapest,Műisz Iskolaszövetkezet,https://itpeople.hu/allasok/budapest-xxiii-kerulet/diakmunka-c-tesztelo-–-vasuti-vezeto-tanacsado-rendszerek-gyakornok/5227000,2023-04-04
227,Diákmunka - Alkalmazástámogató g...,Budapest,Műisz Iskolaszövetkezet,https://itpeople.hu/allasok/budapest-iii-kerulet/diakmunka-alkalmazastamogato-gyakornok/5228000,2023-04-04
228,Diákmunka - Nyári Gyakornoki Pro...,Budapest,Műisz Iskolaszövetkezet,https://itpeople.hu/allasok/budapest/diakmunka-nyari-gyakornoki-program/5229000,2023-04-04
229,Szoftverfejlesztő mérnök,Budapest,IJob,https://itpeople.hu/allasok/budapest/szoftverfejleszto-mernok/5195000,2023-04-04
230,Villamosmérnök,Budapest,IJob,https://itpeople.hu/allasok/budapest/villamosmernok/5194000,2023-04-04
231,Analóg hardverfejlesztő,Budapest,IJob,https://itpeople.hu/allasok/budapest/analog-hardverfejleszto/5193000,2023-04-04
232,ERP fejlesztő,Budapest,ijob,https://itpeople.hu/allasok/budapest/erp-fejleszto/5192000,2023-04-04
233,Application Engineer ,Pest megye,ijob,https://itpeople.hu/allasok/pest-megye/application-engineer-/5191000,2023-04-04
234,SAP S/4HANA tanácsadó Finance és...,Budapest,PBS International Kft.,https://itpeople.hu/allasok/budapest/sap-s4hana-tanacsado-finance-es-controlling-teruleten/5006000,2023-04-04
235,BI szakértő,Budapest,IJob,https://itpeople.hu/allasok/budapest/bi-szakerto/5003000,2023-04-04
236,Backend Fejlesztő ,Budapest,PBS International Kft.,https://itpeople.hu/allasok/budapest/backend-fejleszto-juniormediorsenior/3792000,2023-04-04
237,Digital Product Assistance,Budapest,PBS International Kft.,https://itpeople.hu/allasok/budapest/digital-product-assistance/3793000,2023-04-04
238,Fejlesztő Analitikus ,Budapest,PBS International Kft.,https://itpeople.hu/allasok/budapest/fejleszto-analitikus-gyogyszeripar/3795000,2023-04-04
239,Flutter Developer - junior/medio...,Budapest,PBS International Kft.,https://itpeople.hu/allasok/budapest/flutter-developer-juniormediorsenior/3796000,2023-04-04
240,ui/ux designer ,Távmunka,Miell Jobline Kft.,https://itpeople.hu/allasok/otthon/uiux-designer-/3791000,2023-04-04
241,Vocational Trainee Program,Budapest,zyntern,https://itpeople.hu/allasok/budapest/vocational-trainee-program/3785000,2023-04-04
242,Software Engineering Internship,Budapest,zyntern,https://itpeople.hu/allasok/budapest/software-engineering-internship/3786000,2023-04-04
243,Robotika gyakornok,Budapest,zyntern,https://itpeople.hu/allasok/budapest/robotika-gyakornok/3784000,2023-04-04
244,IT Specialist,Országos,Trenkwalder Recruitment Kft,https://itpeople.hu/allasok/orszagos/it-specialist/5179000,2023-04-04
245,Diákmunka - Szoftvertesztelő - w...,Budapest,Műisz Iskolaszövetkezet,https://itpeople.hu/allasok/budapest-xii-kerulet/diakmunka-szoftvertesztelo-webes-frontend/3612000,2023-04-04
246,Diákmunka - Beágyazott Szoftverf...,Budapest,Műisz Iskolaszövetkezet,https://itpeople.hu/allasok/budapest-xxiii-kerulet/diakmunka-beagyazott-szoftverfejleszto-gyakornok/3619000,2023-04-04
247,Diákmunka - Field Tester ,Budapest,Műisz Iskolaszövetkezet,https://itpeople.hu/allasok/budapest/diakmunka-field-tester-in-oslo/3620000,2023-04-04
248,Diákmunka - Szoftver- és rendsze...,Budapest,Műisz Iskolaszövetkezet,https://itpeople.hu/allasok/dunakeszi/diakmunka-szoftveres-rendszerfejleszto-gyakornok/3622000,2023-04-04
249,Környezetvédelmi szoftver teszte...,Budapest,zyntern,https://itpeople.hu/allasok/budapest/kornyezetvedelmi-szoftver-tesztelo-gyakornok/3451000,2023-04-04
250,IT gyakornok,Győr-Moson-Sopron megye,zyntern,https://itpeople.hu/allasok/gyor/it-gyakornok/3326000,2023-04-04
251,Jelentkezz grafikus diákmunkánkr...,Budapest,Trenkwalder Recruitment Kft,https://itpeople.hu/allasok/budapest/jelentkezz-grafikus-diakmunkankra-es-engedd-szabadjara-a-kreativitasod/5168000,2023-04-04
252,Firework Program - Marketing intern,Budapest,zyntern,https://itpeople.hu/allasok/budapest/firework-program-marketing-intern/3302000,2023-04-04
253,IT Gyakornok,Budapest,zyntern,https://itpeople.hu/allasok/budapest/it-gyakornok/2843000,2023-04-04
254,Junior weboldal készítő,Budapest,zyntern,https://itpeople.hu/allasok/budapest/junior-weboldal-keszito/2714000,2023-04-04
255,"Digitális, tranzakciós és folyós...",Budapest,zyntern,https://itpeople.hu/allasok/budapest/digitalis-tranzakcios-es-folyoszamla-uzletfejlesztesi-gyakornok/2717000,2023-04-04
256,Szoftverfejlesztő gyakornok,Budapest,zyntern,https://itpeople.hu/allasok/budapest/szoftverfejleszto-gyakornok/2719000,2023-04-04
257,Rendszerüzemeltető gyakornok,Budapest,zyntern,https://itpeople.hu/allasok/budapest/rendszeruzemelteto-gyakornok/2720000,2023-04-04
258,Kutató-fejlesztő gyakornok,Budapest,zyntern,https://itpeople.hu/allasok/budapest/kutato-fejleszto-gyakornok/2721000,2023-04-04
259,Online marketing gyakornok,Budapest,zyntern,https://itpeople.hu/allasok/budapest/online-marketing-gyakornok/2723000,2023-04-04
260,Innovation ,Budapest,zyntern,https://itpeople.hu/allasok/budapest/innovation-dataai-trainee/2612000,2023-04-04
261,Cyber Security Trainee,Budapest,zyntern,https://itpeople.hu/allasok/budapest/cyber-security-trainee/2613000,2023-04-04
262,Szoftvertesztelő gyakornok,Budapest,zyntern,https://itpeople.hu/allasok/budapest/szoftvertesztelo-gyakornok/2615000,2023-04-04
263,Full Stack Software Engineer 100%,Országos,Táltos Reklám Kft. ,https://itpeople.hu/allasok/orszagos/full-stack-software-engineer-100/5133000,2023-04-04
264,TAPASZTALT MARKETING GYAKORNOK H...,Budapest,zyntern,https://itpeople.hu/allasok/budapest/tapasztalt-marketing-gyakornok-hybrid-munkavegzessel/2595000,2023-04-04
265,Junior Licence Menedzser,Budapest,zyntern,https://itpeople.hu/allasok/budapest/junior-licence-menedzser/2402000,2023-04-04
266,Media Analyst,Budapest,zyntern,https://itpeople.hu/allasok/budapest/media-analyst/2370000,2023-04-04
267,Online grafikus - Antikvárium.hu...,Csongrád megye,zyntern,https://itpeople.hu/allasok/szeged/online-grafikus-antikvariumhu-kft/2371000,2023-04-04
268,Marketing asszisztens - Güttler ...,Csongrád megye,zyntern,https://itpeople.hu/allasok/hodmezovasarhely/marketing-asszisztens-guttler-kft/2372000,2023-04-04
269,IT Infrastruktúra üzemeltető gya...,Budapest,zyntern,https://itpeople.hu/allasok/budapest/it-infrastruktura-uzemelteto-gyakornok/2373000,2023-04-04
270,Junior Cisco rendszermérnök,Budapest,zyntern,https://itpeople.hu/allasok/budapest/junior-cisco-rendszermernok/2374000,2023-04-04
271,Junior Digital Executive,Budapest,zyntern,https://itpeople.hu/allasok/budapest/junior-digital-executive/2375000,2023-04-04
272,Üzletfejlesztési gyakornok,Budapest,zyntern,https://itpeople.hu/allasok/budapest/uzletfejlesztesi-gyakornok/2376000,2023-04-04
273,Online marketing gyakornok - 2023,Budapest,zyntern,https://itpeople.hu/allasok/budapest/online-marketing-gyakornok-2023/2377000,2023-04-04
274,Webshop adminisztrátor és Grafik...,Borsod-Abaúj-Zemplén megye,zyntern,https://itpeople.hu/allasok/miskolc/webshop-adminisztrator-es-grafikus-gaec-kft/2378000,2023-04-04
275,Szoftverfejlesztő gyakornok - Sz...,Győr-Moson-Sopron megye,zyntern,https://itpeople.hu/allasok/gyor/szoftverfejleszto-gyakornok-szintezis-net-kft/2379000,2023-04-04
276,Marketing Manager -  KWS Magyaro...,Győr-Moson-Sopron megye,zyntern,https://itpeople.hu/allasok/gyor/marketing-managerkws-magyarorszag-kft/2380000,2023-04-04
277,IT Infrastruktúra Üzemeltető Gya...,Budapest,zyntern,https://itpeople.hu/allasok/budapest/it-infrastruktura-uzemelteto-gyakornok/2381000,2023-04-04
278,Junior Cloud Engineer,Budapest,zyntern,https://itpeople.hu/allasok/budapest/junior-cloud-engineer/2382000,2023-04-04
279,Grafikus gyakornok,Budapest,zyntern,https://itpeople.hu/allasok/budapest/grafikus-gyakornok/1985000,2023-04-04
280,Junior Employer Branding Assistant,Budapest,zyntern,https://itpeople.hu/allasok/budapest/junior-employer-branding-assistant/2266000,2023-04-04
281,Cloud DevOps mérnök,Országos,zyntern,https://itpeople.hu/allasok/orszagos/cloud-devops-mernok/1961000,2023-04-04
282,"SEO gyakornok - riportok, dashbo...",Budapest,zyntern,https://itpeople.hu/allasok/budapest/seo-gyakornok-riportok-dashboardok/1956000,2023-04-04
283,Cloud Security Analyst,Budapest,zyntern,https://itpeople.hu/allasok/budapest/cloud-security-analyst/1957000,2023-04-04
284,ERP Szoftverfejlesztő gyakornok,Budapest,zyntern,https://itpeople.hu/allasok/budapest/erp-szoftverfejleszto-gyakornok/1941000,2023-04-04
285,Junior Cloud Engineer,Budapest,zyntern,https://itpeople.hu/allasok/budapest/junior-cloud-engineer/1909000,2023-04-04
286,Szoftverfejlesztő gyakornok,Budapest,zyntern,https://itpeople.hu/allasok/budapest/szoftverfejleszto-gyakornok/1910000,2023-04-04
287,Szoftvertesztelő gyakornok,Budapest,zyntern,https://itpeople.hu/allasok/budapest/szoftvertesztelo-gyakornok/1886000,2023-04-04
288,Cloud Engineer Flyer,Budapest,zyntern,https://itpeople.hu/allasok/budapest/cloud-engineer-flyer/1862000,2023-04-04
289,3D grafikus - Zengo,Csongrád megye,zyntern,https://itpeople.hu/allasok/szeged/3d-grafikus-zengo/1863000,2023-04-04
290,Sharepoint Fejlesztő Gyakornok,Budapest,zyntern,https://itpeople.hu/allasok/budapest/sharepoint-fejleszto-gyakornok/1864000,2023-04-04
291,Front-end Developer Intern,Budapest,zyntern,https://itpeople.hu/allasok/budapest/front-end-developer-intern/1836000,2023-04-04
292,Mentoring Program Lányoknak a Mo...,Budapest,zyntern,https://itpeople.hu/allasok/budapest/mentoring-program-lanyoknak-a-morgan-stanley-nel/1830000,2023-04-04
293,Innovációs gyakornok,Budapest,zyntern,https://itpeople.hu/allasok/budapest/innovacios-gyakornok/1828000,2023-04-04
294,IT Trainee,Fejér megye,zyntern,https://itpeople.hu/allasok/szekesfehervar/it-trainee/1709000,2023-04-04
295,Ethical Hacker,Budapest,zyntern,https://itpeople.hu/allasok/budapest/ethical-hacker/1707000,2023-04-04
296,IT Engineer,Budapest,Pannonjob Humán Szolgáltató és Tanácsadó Kft.,https://itpeople.hu/allasok/budapest/it-engineer/1610000,2023-04-04
297,IT Mérnök- IT Engineer,Budapest,Pannonjob Humán Szolgáltató és Tanácsadó Kft.,https://itpeople.hu/allasok/budapest/it-mernokit-engineer/1611000,2023-04-04
298,IT üzemeltetési gyakornok,Budapest,zyntern,https://itpeople.hu/allasok/budapest/it-uzemeltetesi-gyakornok/1586000,2023-04-04
299,Monitoring Engineer,Budapest,Pannonjob Humán Szolgáltató és Tanácsadó Kft.,https://itpeople.hu/allasok/budapest-xiii-kerulet/monitoring-engineer/1547000,2023-04-04
300,PMO Engineer - Offshore Project ...,Budapest,Pannonjob Humán Szolgáltató és Tanácsadó Kft.,https://itpeople.hu/allasok/budapest-xiii-kerulet/pmo-engineer-offshore-project-manager/1545000,2023-04-04
301,Értékesítés támogató munkatárs- ...,Győr-Moson-Sopron megye,Pannonjob Humán Szolgáltató és Tanácsadó Kft.,https://itpeople.hu/allasok/gyor/ertekesites-tamogato-munkatarssales-support-associate/1495000,2023-04-04
302,Technical support engineer- Műsz...,Budapest,Pannonjob Humán Szolgáltató és Tanácsadó Kft.,https://itpeople.hu/allasok/budapest-xiii-kerulet/technical-support-engineermuszaki-tamogatasi-mernok/1494000,2023-04-04
303,Technical Support Engineer,Budapest,Pannonjob Humán Szolgáltató és Tanácsadó Kft.,https://itpeople.hu/allasok/budapest-xiii-kerulet/technical-support-engineer/1493000,2023-04-04
304,Junior Penetration Tester,Budapest,zyntern,https://itpeople.hu/allasok/budapest/junior-penetration-tester/1484000,2023-04-04
305,Tesztelő,Budapest,zyntern,https://itpeople.hu/allasok/budapest/tesztelo/1465000,2023-04-04
306,Project Manager,Budapest,Pannonjob Humán Szolgáltató és Tanácsadó Kft.,https://itpeople.hu/allasok/budapest-xiii-kerulet/project-manager/1458000,2023-04-04
307,Project Manager,Budapest,Pannonjob Humán Szolgáltató és Tanácsadó Kft.,https://itpeople.hu/allasok/budapest-xiii-kerulet/project-manager/1457000,2023-04-04
308,Programozó technológus,Zala megye,Viapan Dologidő Kft.,https://itpeople.hu/allasok/lenti/programozo-technologus/1284000,2023-04-04
309,Technical Analyst,Budapest,Viapan Dologidő Kft.,https://itpeople.hu/allasok/budapest/technical-analyst/1206000,2023-04-04
310,Projektmérnök,Baranya megye,Viapan Dologidő Kft.,https://itpeople.hu/allasok/pecs/projektmernok/1240000,2023-04-04
311,Üzemi alap- és csomagolóanyag ke...,Veszprém megye,Pannonjob Humán Szolgáltató és Tanácsadó Kft.,https://itpeople.hu/allasok/veszprem/uzemi-alapes-csomagoloanyag-kezelo-operator-es-sap-adminisztrator/1443000,2023-04-04
312,NFV mérnök,Budapest,Pannonjob Humán Szolgáltató és Tanácsadó Kft.,https://itpeople.hu/allasok/budapest/nfv-mernok/1198000,2023-04-04
313,Technology Internship,Budapest,zyntern,https://itpeople.hu/allasok/budapest/technology-internship/1432000,2023-04-04
314,Digital Content Marketing Gyakornok,Budapest,zyntern,https://itpeople.hu/allasok/budapest/digital-content-marketing-gyakornok/1423000,2023-04-04
315,IT gyakornok,Fejér megye,pannondiak,https://itpeople.hu/allasok/szekesfehervar/it-gyakornok/1285000,2023-04-04
316,IT gyakornok,Fejér megye,pannondiak,https://itpeople.hu/allasok/szekesfehervar/it-gyakornok/1261000,2023-04-04
317,Informatikus gyakornok,Győr-Moson-Sopron megye,zyntern,https://itpeople.hu/allasok/mosonmagyarovar/informatikus-gyakornok/1407000,2023-04-04
318,Front-end Developer Intern,Budapest,zyntern,https://itpeople.hu/allasok/budapest/front-end-developer-intern/1391000,2023-04-04
319,Web Specialist Intern,Budapest,zyntern,https://itpeople.hu/allasok/budapest/web-specialist-intern/1392000,2023-04-04
320,Senior Order Fulfillment Expert,Budapest,Pannonjob Humán Szolgáltató és Tanácsadó Kft.,https://itpeople.hu/allasok/budapest-ix-kerulet/senior-order-fulfillment-expert/1384000,2023-04-04
321,Folyamatmérnök,Komárom-Esztergom megye,Pannonjob Humán Szolgáltató és Tanácsadó Kft.,https://itpeople.hu/allasok/komarom-esztergom-megye/folyamatmernok/1383000,2023-04-04
322,Junior Tesztmérnök,Pest megye,Pannonjob Humán Szolgáltató és Tanácsadó Kft.,https://itpeople.hu/allasok/paty/junior-tesztmernok/1381000,2023-04-04
323,Junior Folyamatmérnök,Komárom-Esztergom megye,Pannonjob Humán Szolgáltató és Tanácsadó Kft.,https://itpeople.hu/allasok/komarom-esztergom-megye/junior-folyamatmernok/1247000,2023-04-04
324,MES Technical Lead,Veszprém megye,Pannonjob Humán Szolgáltató és Tanácsadó Kft.,https://itpeople.hu/allasok/veszprem/mes-technical-lead/1379000,2023-04-04
325,Informatikai munkatárs - Bonafar...,Csongrád megye,zyntern,https://itpeople.hu/allasok/szeged/informatikai-munkatars-bonafarm-csoport/1372000,2023-04-04
326,IT Intern,Budapest,zyntern,https://itpeople.hu/allasok/budapest/it-intern/1373000,2023-04-04
327,Cloud Engineer - Big Data,Budapest,Pannonjob Humán Szolgáltató és Tanácsadó Kft.,https://itpeople.hu/allasok/budapest-xiii-kerulet/cloud-engineer-big-data/1359000,2023-04-04
328,Gyakornok - Omnichanel Tribe,Budapest,zyntern,https://itpeople.hu/allasok/budapest/gyakornok-omnichanel-tribe/1314000,2023-04-04
329,Projektmérnök,Fejér megye,Pannonjob Humán Szolgáltató és Tanácsadó Kft.,https://itpeople.hu/allasok/szekesfehervar/projektmernok/1601000,2023-04-04
